отказ,прогноз,вероятность отказа
0.0,0.0,8.160039629418306e-05
0.0,0.0,7.894600243162333e-05
0.0,0.0,3.572414455675839e-05
0.0,0.0,7.714215679469312e-05
0.0,0.0,7.215086742107631e-05
0.0,0.0,0.00023551817868151418
0.0,0.0,3.7615534119731894e-05
0.0,0.0,0.0001123670208710352
0.0,0.0,7.224898553660898e-05
0.0,0.0,4.8437873173404746e-05
0.0,0.0,6.279256993838614e-05
0.0,0.0,6.628851227377375e-05
0.0,0.0,0.00023308026400861137
0.0,0.0,6.0555493374129385e-05
1.0,1.0,0.999373501699127
0.0,0.0,4.5233634852142555e-05
0.0,0.0,7.349678232293736e-05
0.0,0.0,3.41915082430051e-05
0.0,0.0,0.0001834817413824433
0.0,0.0,8.773481197490537e-05
0.0,0.0,5.689998258928586e-05
0.0,0.0,0.00012802355651486317
0.0,0.0,8.680150885930747e-05
0.0,0.0,0.0006180656236179057
0.0,0.0,0.0002455746264502374
0.0,0.0,0.00021156093350289465
0.0,0.0,9.947220064967146e-05
0.0,0.0,4.283409751978755e-05
1.0,1.0,0.9993966389333114
0.0,0.0,3.157768993061345e-05
0.0,0.0,0.00012368827207324384
0.0,0.0,3.737890233892314e-05
0.0,0.0,0.0001807773121611553
0.0,0.0,8.385138072067063e-05
0.0,0.0,0.00010222796144844314
0.0,0.0,0.00016802091476666246
0.0,0.0,8.601296381663467e-06
0.0,0.0,0.0001468937460612639
0.0,0.0,0.00010814414569623055
0.0,0.0,0.00041171580460517025
0.0,0.0,0.0002921910011194244
0.0,0.0,0.00012242368779658022
0.0,0.0,0.00031532792340908646
0.0,0.0,0.00011571401191423423
0.0,0.0,0.00012270594176302339
0.0,0.0,4.608505634821793e-05
0.0,0.0,0.00015522357297836496
0.0,0.0,1.516314323556555e-05
0.0,0.0,0.0003266700340478507
0.0,0.0,0.0007138008626128162
0.0,0.0,4.433148221067822e-05
0.0,0.0,0.00038485791982016183
0.0,0.0,9.661384889625157e-05
0.0,0.0,4.569673009542208e-05
0.0,0.0,0.0014834142227239775
0.0,0.0,0.0005944952108480431
0.0,0.0,9.184357329055017e-05
0.0,0.0,0.00021787811625816864
0.0,0.0,0.00016433979811170222
0.0,0.0,0.00018892585424759
0.0,0.0,0.00010156001641796806
0.0,0.0,9.530587924182001e-05
0.0,0.0,3.893581718572354e-05
0.0,0.0,0.0008922572516578204
0.0,0.0,0.00018363906162963952
1.0,1.0,0.9991404547750995
0.0,0.0,1.1327779292981317e-05
0.0,0.0,9.206759827844053e-05
0.0,0.0,0.0005697364916569031
0.0,0.0,5.489831569881208e-05
1.0,1.0,0.9994429221050357
0.0,0.0,6.0468004628918584e-05
0.0,0.0,0.00016436445079002053
0.0,0.0,1.5506241186909563e-05
0.0,0.0,0.0025098030016907956
0.0,0.0,6.207534211165043e-05
0.0,0.0,8.332462111161619e-05
0.0,0.0,5.8058056200539365e-05
0.0,0.0,0.0007184140035817098
0.0,0.0,0.008525452413674207
0.0,0.0,0.00025033071446930257
0.0,0.0,6.682330114962833e-05
0.0,0.0,6.036927288543468e-05
0.0,0.0,0.00023512113975967047
0.0,0.0,0.00012575005167697218
0.0,0.0,0.00028855246509048286
0.0,0.0,7.284277282247932e-05
0.0,0.0,7.741544950914885e-05
0.0,0.0,0.00014365559538966465
0.0,0.0,0.0002471067604250108
0.0,0.0,5.2330359494256265e-05
0.0,0.0,0.0002257101376699121
0.0,0.0,5.2100198984760865e-05
1.0,1.0,0.9994598435725597
0.0,0.0,2.453728439775498e-05
0.0,0.0,4.924800611689252e-05
0.0,0.0,0.00017906072872288947
0.0,0.0,0.0009422403149389727
0.0,0.0,0.00014554419001498958
0.0,0.0,6.378402449448099e-05
0.0,0.0,0.0012164155447082342
0.0,0.0,0.0003061612790574104
0.0,0.0,0.00022838799782011395
1.0,1.0,0.9991693619956226
0.0,0.0,0.0002775008024269995
0.0,0.0,9.545556967659329e-05
1.0,1.0,0.9986989971501583
0.0,0.0,0.00019806513576954704
0.0,0.0,0.0009946976364517003
0.0,0.0,0.0003793479463654408
0.0,0.0,0.00026024353483676245
0.0,0.0,3.358949432427552e-05
0.0,0.0,7.854055363416621e-05
0.0,0.0,0.001155552092579318
0.0,0.0,7.622198522201439e-05
0.0,0.0,0.00014221595976884435
0.0,0.0,0.0011689189689986397
0.0,0.0,2.728960378320343e-05
1.0,1.0,0.999269339965134
0.0,0.0,5.973689331921962e-05
0.0,0.0,0.0005436391874315645
0.0,0.0,0.0002017357245852502
0.0,0.0,0.0054435006896806715
0.0,0.0,0.00021684969701231472
0.0,0.0,6.036927288543468e-05
0.0,0.0,4.439623857547494e-05
0.0,0.0,0.00022892683054412456
0.0,0.0,6.527484896791031e-05
0.0,0.0,0.00016207336542349422
0.0,0.0,0.0005447231258245155
0.0,0.0,0.00022309341320632812
0.0,0.0,0.00031798985761910157
0.0,0.0,3.559059615880266e-05
0.0,0.0,4.2444392660327514e-05
0.0,0.0,7.538353192139108e-05
0.0,0.0,5.04345728663493e-05
0.0,0.0,0.00014347078308893965
0.0,0.0,0.0006585144567590832
0.0,0.0,4.449685804558461e-05
0.0,0.0,6.254182077611615e-05
0.0,0.0,0.00013534840731593503
0.0,0.0,5.145206144046419e-05
0.0,0.0,0.003128329546818232
1.0,0.0,0.3681369127700136
0.0,0.0,4.884396415750136e-05
0.0,0.0,0.00047254930064958683
0.0,0.0,0.004704980497290348
0.0,0.0,2.2651908730265696e-05
0.0,0.0,0.00018305641531113693
0.0,0.0,0.00019415683672234182
0.0,0.0,0.009617196174485617
0.0,0.0,0.00029966272273812257
0.0,0.0,0.00014374513038705207
0.0,0.0,9.568443052667761e-05
0.0,0.0,0.0004619598349390139
0.0,0.0,0.00031086850458038117
0.0,0.0,0.00037732891688856357
0.0,0.0,0.0008507330286205669
0.0,0.0,0.00022174485040294238
0.0,0.0,4.4105890182257434e-05
0.0,0.0,0.0005494973756699876
0.0,0.0,0.00019717369900124697
0.0,0.0,0.0001763003055549822
0.0,0.0,0.00027325095920948967
0.0,0.0,0.0005255757945015902
0.0,0.0,5.690097946064003e-05
0.0,0.0,0.00023787306077341252
0.0,0.0,7.558545943782325e-05
1.0,1.0,0.998819121939912
0.0,0.0,0.0001168898628795585
0.0,0.0,0.00033633655049405465
0.0,0.0,0.0008012740348443428
0.0,0.0,0.0002103369974296464
0.0,0.0,0.00030216106400215645
1.0,1.0,0.998787314251709
0.0,0.0,0.00029966272273812257
0.0,0.0,0.3681369127700136
0.0,0.0,4.5925810714329624e-05
0.0,0.0,0.0002137537757409714
0.0,0.0,0.0001891032227864611
0.0,0.0,0.00030894485977235115
0.0,0.0,0.00020329823350996503
1.0,1.0,0.9823230190625855
0.0,0.0,0.0011541574962737936
0.0,0.0,0.00018225426889896087
0.0,0.0,0.00022108789635684464
0.0,0.0,9.254234848078246e-05
0.0,0.0,1.3129682605272905e-05
0.0,0.0,4.746287089294016e-05
0.0,0.0,0.00011735096310883603
0.0,0.0,4.627745462666872e-05
0.0,0.0,3.116482302317483e-05
0.0,0.0,4.153315798453567e-05
0.0,0.0,0.0022169100473175903
0.0,0.0,0.0001906458878956521
0.0,0.0,0.0004010047453801182
0.0,0.0,3.347669081707229e-05
0.0,0.0,0.0002563590556299735
0.0,0.0,6.454926120834431e-05
0.0,0.0,0.00017953682761274577
0.0,0.0,0.0001718821541734091
0.0,0.0,5.3139779703625544e-05
0.0,0.0,0.000640732207092253
0.0,0.0,0.0025098030016907956
0.0,0.0,0.000824642369814577
0.0,0.0,0.00022182713813605721
0.0,0.0,0.00013403541231903014
0.0,0.0,7.921248534172163e-05
0.0,0.0,8.49064634652926e-05
0.0,0.0,6.476331726098845e-05
0.0,0.0,6.884716059385804e-05
0.0,0.0,2.961433703934327e-05
0.0,0.0,0.0001667538763353832
0.0,0.0,2.9554981889005573e-05
1.0,0.0,0.007596159761687241
0.0,0.0,0.00016445138322363328
0.0,0.0,7.141283052537619e-05
0.0,0.0,0.002583466282712499
0.0,0.0,1.8131128591036043e-05
0.0,0.0,0.00020530954817161507
0.0,0.0,0.00030313103389128983
0.0,0.0,0.0003191304317363173
0.0,0.0,0.0010342494865299957
0.0,0.0,3.928397352899505e-05
1.0,1.0,0.9993500579079468
0.0,0.0,4.7356498116208916e-05
0.0,0.0,6.30034208948585e-05
0.0,0.0,4.073535655032978e-05
0.0,0.0,0.0006465828357750598
0.0,0.0,0.0006347639515580456
0.0,0.0,0.00027662216283601043
0.0,0.0,0.00026486013191340143
0.0,0.0,5.386670796144417e-05
0.0,0.0,6.214892178687268e-05
0.0,0.0,5.996672949659532e-05
0.0,0.0,0.00016102569765763067
0.0,0.0,8.437339656322852e-05
0.0,0.0,4.523246282061575e-05
0.0,0.0,0.0011422374997508626
0.0,0.0,6.135127318384973e-05
0.0,0.0,0.0001238016483874429
1.0,1.0,0.9987077055235639
0.0,0.0,0.0003744519452928626
0.0,0.0,3.921548644412125e-05
0.0,0.0,0.0006286320299725221
0.0,0.0,0.00027144456085998077
0.0,0.0,1.9627817786434715e-05
0.0,0.0,9.196286840746627e-05
0.0,0.0,0.0004948818600484771
0.0,0.0,6.921978551160551e-05
0.0,0.0,0.0006376132834864536
0.0,0.0,5.5900003833622354e-05
0.0,0.0,0.0003534559947738759
0.0,0.0,0.00020679171556894243
0.0,0.0,3.416515699445339e-05
0.0,0.0,0.00010436717029321779
0.0,0.0,3.157768993061345e-05
0.0,0.0,0.0018100053503099078
0.0,0.0,0.0023496907054793062
0.0,0.0,3.508251621457676e-05
0.0,0.0,1.6223380293147803e-05
0.0,0.0,9.342795451600397e-05
0.0,0.0,5.7872727501145105e-05
0.0,0.0,0.0003160091082187466
0.0,0.0,3.6543839021120896e-05
0.0,0.0,0.00048568412912779007
0.0,0.0,1.507377583650452e-05
0.0,0.0,0.0004052842774377721
0.0,0.0,0.00339365671261303
0.0,0.0,0.0002898991435726784
0.0,0.0,5.4241064876200554e-05
1.0,1.0,0.9995007973409539
0.0,0.0,0.0007132926945616517
0.0,0.0,9.015370340209098e-05
0.0,0.0,0.0002719043434671007
0.0,0.0,2.456590547156879e-05
0.0,0.0,0.00011129126310222748
0.0,0.0,0.12095722006163168
0.0,0.0,0.0005126044708412017
0.0,0.0,2.8996673493181575e-05
0.0,0.0,0.00011027389763331703
0.0,0.0,0.00023467397719141648
0.0,0.0,7.228636643954942e-05
0.0,0.0,3.886958001250007e-05
0.0,0.0,0.0002546199439176145
0.0,0.0,9.07515092436653e-05
0.0,0.0,1.7183737374399615e-05
0.0,0.0,4.721492100480614e-05
0.0,0.0,0.000459933256168859
0.0,0.0,0.00033894355134071464
0.0,0.0,3.4336106718999914e-05
0.0,0.0,0.0004103838358463791
1.0,1.0,0.9985534529985785
0.0,0.0,9.797593782682643e-05
0.0,0.0,0.00010008201522078411
0.0,0.0,0.0004638484904596379
0.0,0.0,4.567803276307615e-05
0.0,0.0,7.344628027608087e-05
0.0,0.0,0.0002507907184852795
1.0,1.0,0.9979472799592395
1.0,1.0,0.9989385064092579
0.0,0.0,3.625139141899887e-05
0.0,0.0,0.0006162782679396208
0.0,0.0,0.00010729954394355374
0.0,0.0,4.263788342458888e-05
0.0,0.0,3.9517122932332345e-05
0.0,0.0,7.714215679469312e-05
0.0,0.0,0.0002715912350607608
0.0,0.0,0.00010111155135136521
0.0,0.0,0.0022571224676411826
0.0,0.0,3.106409126281499e-05
0.0,0.0,0.0003534559947738759
0.0,0.0,6.355766479355215e-05
0.0,0.0,0.00016857511866638463
0.0,0.0,7.950142255862889e-05
1.0,1.0,0.9993302666723083
0.0,0.0,0.007596159761687241
0.0,0.0,1.7260097861905378e-05
0.0,0.0,8.786159538998337e-05
0.0,0.0,0.003876812017415054
0.0,0.0,8.481967889153997e-05
1.0,1.0,0.9993005570490527
0.0,0.0,0.0001395223358277814
0.0,0.0,0.00030229054863541356
0.0,0.0,0.00012553859549409963
0.0,0.0,5.889885855266315e-05
0.0,0.0,0.0009294031029537153
0.0,0.0,0.0011541574962737936
0.0,0.0,7.675491556371161e-05
0.0,0.0,3.016703131395716e-05
0.0,0.0,7.354245213656253e-05
0.0,0.0,7.215086742107631e-05
0.0,0.0,0.0004217041442223078
0.0,0.0,3.3696284436218154e-05
0.0,0.0,1.1718208902023498e-05
0.0,0.0,4.433786109744414e-05
0.0,0.0,8.872030769447403e-05
0.0,0.0,0.00023512113975967047
1.0,1.0,0.9993777966337735
0.0,0.0,4.50685347856257e-05
1.0,1.0,0.5747897660076278
0.0,0.0,4.279276746057539e-05
1.0,1.0,0.9985970881730009
0.0,0.0,0.00023464258323292953
0.0,0.0,0.0002535177772037323
0.0,0.0,8.932458486340182e-05
0.0,0.0,3.090816929182865e-05
0.0,0.0,0.00021945577440577742
0.0,0.0,0.00016854840067741955
0.0,0.0,0.016612894669948943
0.0,0.0,0.00017798065733277803
0.0,0.0,0.0003344517795229609
0.0,0.0,5.308734788390775e-05
0.0,0.0,0.0004632206694617747
0.0,0.0,0.0005302050840923332
0.0,0.0,0.000768550164713398
0.0,0.0,0.0006205718062346106
0.0,0.0,0.0004422766442135951
0.0,0.0,0.0004300745329589607
0.0,0.0,0.0002716398394471987
0.0,0.0,0.0013891820806220053
0.0,0.0,0.00042575113122110406
0.0,0.0,0.0001812863496568257
0.0,0.0,0.0014805648584894067
0.0,0.0,0.0019527888636215642
0.0,0.0,0.00013754132473869167
0.0,0.0,0.0001371658565659509
0.0,0.0,0.0006344466714849593
0.0,0.0,0.0004785335640215488
0.0,0.0,0.00020718972633831297
0.0,0.0,0.0007542257678103983
1.0,1.0,0.9994645502930828
0.0,0.0,0.00033631013724763555
0.0,0.0,0.0001207401412833346
0.0,0.0,5.0244861736124544e-05
0.0,0.0,0.00024037881795107845
0.0,0.0,0.005601705550494549
0.0,0.0,3.7471959231288815e-05
0.0,0.0,1.4823316522512031e-05
0.0,0.0,0.00017931383745199234
0.0,0.0,2.183380008179411e-05
0.0,0.0,4.926013564181966e-05
0.0,0.0,9.08414345509339e-05
1.0,1.0,0.9991421576924361
0.0,0.0,0.0001318464262631195
0.0,0.0,8.197557850675072e-05
0.0,0.0,0.005696835614599956
0.0,0.0,3.82761449297025e-05
0.0,0.0,4.508797950620867e-05
0.0,0.0,0.00032347775068449343
0.0,0.0,0.00010153960128496499
0.0,0.0,0.00018470275411306246
0.0,0.0,3.394887473278153e-05
0.0,0.0,0.0002967550480367631
0.0,0.0,0.00042533696411593824
0.0,0.0,4.85449948655204e-05
0.0,0.0,4.009650574257767e-05
0.0,0.0,0.0001525916394426635
1.0,1.0,0.998787314251709
0.0,0.0,8.206467997993926e-05
0.0,0.0,3.947348981249107e-05
0.0,0.0,5.125063370719445e-05
0.0,0.0,0.0006786457431577196
0.0,0.0,0.00011005116624003814
0.0,0.0,0.00014554419001498958
0.0,0.0,5.3973173460417044e-05
0.0,0.0,0.0006806567573121487
0.0,0.0,1.712647331551551e-05
0.0,0.0,3.459042582883853e-05
0.0,0.0,4.584948977934814e-05
0.0,0.0,2.6939333165126798e-05
0.0,0.0,0.007805510291280261
0.0,0.0,3.682091876229396e-05
0.0,0.0,0.00011844960310952332
1.0,1.0,0.9991033093983355
0.0,0.0,3.2785686010947943e-05
0.0,0.0,3.157768993061345e-05
0.0,0.0,0.00034045947050713937
1.0,1.0,0.9993425984452953
0.0,0.0,3.0331233390537072e-05
0.0,0.0,7.816569340486096e-05
0.0,0.0,0.00032186302215456836
0.0,0.0,6.009137015710187e-05
0.0,0.0,3.619948583399983e-05
0.0,0.0,4.386916020446208e-05
0.0,0.0,2.053912689994072e-05
0.0,0.0,0.00010092139160003714
0.0,0.0,0.00011913423814224175
0.0,0.0,3.1814252216552145e-05
0.0,0.0,0.0001741014940652119
0.0,0.0,4.889459178373605e-05
0.0,0.0,3.546852552732226e-05
0.0,0.0,0.00022892683054412456
0.0,0.0,8.471405422742667e-05
0.0,0.0,0.00018274773646325258
0.0,0.0,0.00031133507204008244
0.0,0.0,8.198599808173477e-05
0.0,0.0,5.5114299521598524e-05
1.0,1.0,0.9994011194274681
0.0,0.0,0.002291873910434361
0.0,0.0,0.0005306533031015243
0.0,0.0,0.00010379126701789328
0.0,0.0,3.8902294225162525e-05
0.0,0.0,0.0005508561213563004
0.0,0.0,0.00014554419001498958
0.0,0.0,0.00036555100174664833
0.0,0.0,0.0002555374311290148
0.0,0.0,0.0003727706019236767
0.0,0.0,0.006762431576483859
1.0,1.0,0.9820672416111942
0.0,0.0,0.00010561716796436719
1.0,1.0,0.9994612915170429
0.0,0.0,9.456742014084073e-05
0.0,0.0,7.801912068745878e-05
0.0,0.0,0.00018498976863590716
0.0,0.0,4.000103865023809e-05
0.0,0.0,3.906090418082133e-05
0.0,0.0,7.241066854876529e-05
0.0,0.0,0.00036860003425267146
0.0,0.0,0.00014554419001498958
0.0,0.0,0.00048109697212202776
0.0,0.0,0.0007066508153338193
0.0,0.0,3.0287381986517233e-05
1.0,1.0,0.9991542184044396
0.0,0.0,4.3440333439661465e-05
0.0,0.0,0.3681369127700136
0.0,0.0,0.0001366380857392846
0.0,0.0,6.0061187322791007e-05
0.0,0.0,0.0005269886156692337
0.0,0.0,4.385897718267601e-05
0.0,0.0,9.206759827844053e-05
0.0,0.0,0.0006634630197690255
0.0,0.0,3.877180326159536e-05
0.0,0.0,7.767747906772033e-05
0.0,0.0,0.00018120055356494428
0.0,0.0,0.0005105955329140492
0.0,0.0,2.23704755855785e-05
0.0,0.0,0.000296029815404239
0.0,0.0,0.0004942330845158998
0.0,0.0,2.374853121494728e-05
0.0,0.0,0.005680777857590193
0.0,0.0,9.885964585353639e-05
0.0,0.0,4.1734977757302535e-05
0.0,0.0,2.3470021262733535e-05
0.0,0.0,0.0007018574853855208
0.0,0.0,0.005500318374890267
0.0,0.0,9.489014032032362e-05
0.0,0.0,0.00023028673866138456
0.0,0.0,3.852944503988851e-05
0.0,0.0,3.198834994751462e-05
0.0,0.0,0.00013548566919966437
0.0,0.0,0.00040574415963483094
0.0,0.0,0.002583466282712499
0.0,0.0,0.005696835614599956
0.0,0.0,0.00031980929577990995
0.0,0.0,7.616669742095094e-05
0.0,0.0,1.1230054772749647e-05
0.0,0.0,8.832076622246702e-05
0.0,0.0,0.0004215109658054625
0.0,0.0,1.615053993108982e-05
0.0,0.0,0.000153552456580446
0.0,0.0,0.0008466397199045957
0.0,0.0,5.688589594955406e-05
0.0,0.0,0.0008131405938823069
0.0,0.0,0.00013112538274527048
0.0,0.0,0.270616674968652
0.0,0.0,0.0003346070779744154
0.0,0.0,9.076712872516399e-05
0.0,0.0,0.00870910192985215
0.0,0.0,5.563144820810812e-05
0.0,0.0,7.215086742107631e-05
0.0,0.0,3.165199841770048e-05
0.0,0.0,0.0004164108249849017
0.0,0.0,9.2462294423763e-05
0.0,0.0,8.524745529633146e-05
0.0,0.0,0.00013329287738076545
0.0,0.0,6.845935858744429e-05
0.0,0.0,9.578925612181745e-05
0.0,0.0,7.25327136558506e-05
0.0,0.0,0.00048675904770098327
0.0,0.0,0.00023856830234636313
0.0,0.0,0.00021311300891481546
0.0,0.0,4.4007102550778905e-05
0.0,0.0,0.0002740773450990909
0.0,0.0,0.0001090806099549843
0.0,0.0,0.0002802652290972986
0.0,0.0,0.0004215109658054625
0.0,0.0,3.437183895932528e-05
0.0,0.0,4.456314444702239e-05
0.0,0.0,0.00031798985761910157
0.0,0.0,0.00041416438105674867
0.0,0.0,0.00010255494479000844
0.0,0.0,4.548046486315709e-05
0.0,0.0,0.00010703065761875841
0.0,0.0,0.00031969598051925546
0.0,0.0,0.00010551830355838665
0.0,0.0,0.00041524028865980064
0.0,0.0,0.0002693836469534493
0.0,0.0,8.021187816351748e-05
0.0,0.0,0.00010107509141794243
0.0,0.0,8.04754598600559e-05
0.0,0.0,4.569673009542208e-05
0.0,0.0,0.0002309219128372696
0.0,0.0,0.00031676404895325516
0.0,0.0,0.00035181399513136444
0.0,0.0,0.00339365671261303
0.0,0.0,0.000102050062223118
0.0,0.0,8.222543910132952e-05
0.0,0.0,0.0003889981007107696
0.0,0.0,9.914030446115025e-06
0.0,0.0,7.643409196705269e-05
0.0,0.0,3.425622171324961e-05
0.0,0.0,0.00012270594176302339
0.0,0.0,9.854149904152101e-06
0.0,0.0,3.157768993061345e-05
0.0,0.0,8.068175449151779e-05
0.0,0.0,3.887016810114863e-05
0.0,0.0,3.4648721519273945e-05
1.0,1.0,0.9920808537296548
0.0,0.0,0.00021287372676986386
0.0,0.0,9.605025440630364e-05
0.0,0.0,0.00010462059442237102
0.0,0.0,3.2720271756471234e-05
0.0,0.0,2.9458197590473942e-05
0.0,0.0,0.00022848150838153194
0.0,0.0,0.0008131405938823069
0.0,0.0,3.48123482818273e-05
0.0,0.0,0.00013802797211906568
0.0,0.0,0.000795161384823975
0.0,0.0,0.0006052551394284949
0.0,0.0,0.00023856830234636313
1.0,1.0,0.9993445392501569
0.0,0.0,0.0005860361078178361
0.0,0.0,0.0011265373609173383
0.0,0.0,0.00010740785849382824
0.0,0.0,4.009650574257767e-05
0.0,0.0,7.741544950914885e-05
0.0,0.0,1.0704368506155942e-05
0.0,0.0,9.270631223654032e-05
0.0,0.0,3.8894821671343504e-05
0.0,0.0,0.0009098264366643734
0.0,0.0,0.00016785759678902381
0.0,0.0,1.7886681988248685e-05
0.0,0.0,0.0006477701099077877
0.0,0.0,0.00019389885484670695
1.0,1.0,0.9991404547750995
0.0,0.0,1.675208732378542e-05
0.0,0.0,4.716894700544307e-05
0.0,0.0,7.473039942422526e-05
0.0,0.0,5.690097946064003e-05
0.0,0.0,0.00014742870156722007
0.0,0.0,0.0002190084279930498
0.0,0.0,0.0003097557643944387
0.0,0.0,0.00010456717015023622
0.0,0.0,0.0001487254672438253
0.0,0.0,0.00010741033043461835
1.0,1.0,0.9993789894632411
0.0,0.0,5.226377059206241e-05
0.0,0.0,8.190182916119938e-05
0.0,0.0,0.0007170462869310453
1.0,1.0,0.9993555870926185
0.0,0.0,9.062083191755727e-05
0.0,0.0,0.00030140636632254304
0.0,0.0,7.377330008246266e-05
0.0,0.0,0.00011575165386937256
0.0,0.0,0.0006022372969027568
0.0,0.0,0.00011571401191423423
0.0,0.0,0.00011661554542848006
0.0,0.0,6.147257377749357e-05
0.0,0.0,0.00010455694368827322
0.0,0.0,0.0001808560992447378
0.0,0.0,0.002291873910434361
0.0,0.0,2.2844670303902167e-05
1.0,1.0,0.9989568612477768
0.0,0.0,4.5072021103298645e-05
0.0,0.0,2.4367415818217375e-05
1.0,1.0,0.9985534529985785
0.0,0.0,1.3125377879343353e-05
0.0,0.0,0.0002627137189246221
0.0,0.0,8.434698594711789e-05
0.0,0.0,0.0003910435135745918
0.0,0.0,4.489740715253114e-05
0.0,0.0,0.0006286320299725221
0.0,0.0,0.00012546414883770387
0.0,0.0,3.3419743649899783e-05
0.0,0.0,9.081016299923861e-05
0.0,0.0,0.0002237270959416044
0.0,0.0,4.906145177279189e-05
0.0,0.0,0.0006881690451267257
0.0,0.0,0.0001518979442649526
0.0,0.0,0.0014834142227239775
0.0,0.0,0.0002814268636364726
0.0,0.0,0.0008944852403816611
0.0,0.0,3.9293944634425096e-05
0.0,0.0,0.00034862823091386076
0.0,0.0,0.00015063055737920967
0.0,0.0,9.787704759648834e-05
0.0,0.0,4.021224991286075e-05
0.0,0.0,0.0002734751849362496
0.0,0.0,0.0003403356137821675
0.0,0.0,1.6927426268651984e-05
0.0,0.0,0.0008218119626510806
0.0,0.0,0.00023292222252725735
0.0,0.0,0.0004224017095736383
1.0,1.0,0.9993909730166611
0.0,0.0,0.001894678436164215
0.0,0.0,6.864453767794752e-05
0.0,0.0,0.0002746330347308868
0.0,0.0,0.0006313513521115067
0.0,0.0,7.763989003371325e-05
0.0,0.0,1.1752482873068518e-05
0.0,0.0,6.130313295138159e-05
0.0,0.0,0.0007184140035817098
0.0,0.0,0.00031532792340908646
0.0,0.0,0.00016857511866638463
0.0,0.0,8.929799724756326e-05
0.0,0.0,0.0004963227065589991
0.0,0.0,0.0002838468188476471
0.0,0.0,0.0018968485295822357
0.0,0.0,0.00010849453197525415
1.0,1.0,0.9927355725169326
1.0,1.0,0.9992363561908236
0.0,0.0,1.94540919985586e-05
0.0,0.0,0.00011287242376174406
0.0,0.0,6.958885823374194e-05
1.0,1.0,0.9980013246887861
0.0,0.0,0.00017860355605414945
0.0,0.0,0.00029835996531927525
0.0,0.0,0.00017451148472044566
0.0,0.0,0.00014800345247103044
0.0,0.0,0.00020633928036247574
0.0,0.0,0.00042289888944236503
0.0,0.0,4.4227123352096714e-05
0.0,0.0,0.000338822845132529
0.0,0.0,0.0003534559947738759
0.0,0.0,0.0014351382829047425
0.0,0.0,4.626508052654261e-05
0.0,0.0,0.00019467791251919932
0.0,0.0,3.7511842605838395e-05
1.0,1.0,0.9993827553823659
0.0,0.0,3.7471959231288815e-05
0.0,0.0,0.0002419542944925497
0.0,0.0,0.0013455513303749472
0.0,0.0,4.305375183406914e-05
0.0,0.0,0.00023566622200194343
0.0,0.0,0.0003194088191515202
0.0,0.0,5.3518062513358434e-05
1.0,1.0,0.9994635487880329
0.0,0.0,0.00016724063105880493
0.0,0.0,0.0006763523615356787
0.0,0.0,6.760208252181536e-05
0.0,0.0,0.00043956135003438656
1.0,1.0,0.9994901164423659
0.0,0.0,0.0005007000041344047
0.0,0.0,4.5413137720577334e-05
0.0,0.0,0.0007688575137326069
1.0,1.0,0.9925168379433006
0.0,0.0,6.31610574226244e-05
0.0,0.0,0.0002655279904507654
0.0,0.0,0.0005301422597837008
0.0,0.0,0.0005269886156692337
0.0,0.0,2.1018493899996762e-05
0.0,0.0,0.0003983712050654605
0.0,0.0,0.0001906098855789714
0.0,0.0,5.872958436369743e-05
0.0,0.0,0.0009547275040232225
0.0,0.0,0.00015405889584827967
0.0,0.0,3.320559889997297e-05
0.0,0.0,0.00023944679805273307
0.0,0.0,0.0004235756705973339
0.0,0.0,6.46140005915546e-05
0.0,0.0,3.1791771463643355e-05
0.0,0.0,0.010181654524951527
0.0,0.0,4.48595268658216e-05
1.0,1.0,0.9993597672189876
0.0,0.0,0.00026380825319691513
0.0,0.0,0.01765477327881474
0.0,0.0,9.000392263845713e-05
0.0,0.0,9.739631131151704e-05
0.0,0.0,8.107615357838922e-05
0.0,0.0,0.0014834142227239775
0.0,0.0,6.338555402787564e-05
0.0,0.0,0.00018948868188127903
0.0,0.0,3.967067993731561e-05
0.0,0.0,3.380786298519911e-05
0.0,0.0,0.00017123689760863763
0.0,0.0,0.00032742498322013556
0.0,0.0,7.818840158521359e-05
0.0,0.0,4.4176628803994495e-05
0.0,0.0,1.469258153212576e-05
0.0,0.0,0.000279445520393818
0.0,0.0,3.2785686010947943e-05
0.0,0.0,0.00010617186793841464
0.0,0.0,0.00033681680812002346
0.0,0.0,6.646031039261262e-05
0.0,0.0,2.9520688220443273e-05
0.0,0.0,7.363939992167977e-05
0.0,0.0,0.000390317588347405
0.0,0.0,3.0266229291734445e-05
0.0,0.0,0.00030454573491221234
0.0,0.0,0.00022355299786261908
0.0,0.0,0.00043904187798992066
0.0,0.0,0.00016819791956343828
0.0,0.0,0.00012822857461795733
0.0,0.0,3.058056109611422e-05
0.0,0.0,0.00027890597990257404
0.0,0.0,0.00017736833223410697
0.0,0.0,4.540106989577985e-05
0.0,0.0,0.0001820228944536549
1.0,1.0,0.9993819931727966
0.0,0.0,9.015370340209098e-05
0.0,0.0,0.0006465828357750598
1.0,1.0,0.9990041632845957
0.0,0.0,0.0054226238926953895
0.0,0.0,0.0009706977336247662
0.0,0.0,0.00030454573491221234
0.0,0.0,5.254350632965859e-05
0.0,0.0,6.766282322185779e-05
0.0,0.0,3.6864359443238355e-05
0.0,0.0,0.00021758131913951123
0.0,0.0,0.00018553076239528158
0.0,0.0,0.0002374457391554601
0.0,0.0,0.0002240402983918596
0.0,0.0,2.493644104602391e-05
0.0,0.0,4.569673009542208e-05
0.0,0.0,0.005722973990986039
0.0,0.0,0.0013203130717794023
0.0,0.0,4.305375183406914e-05
0.0,0.0,4.468876480107886e-05
0.0,0.0,8.481967889153997e-05
0.0,0.0,0.00015915414573360224
0.0,0.0,0.0001118146967074768
0.0,0.0,3.0234349432043612e-05
0.0,0.0,0.00021309982046736152
0.0,0.0,8.165128198329379e-05
0.0,0.0,4.889459178373605e-05
0.0,0.0,0.0001829678367325576
0.0,0.0,0.00019316843335368612
0.0,0.0,0.0002635285075126751
0.0,0.0,0.0007354037550165806
0.0,0.0,0.000639235602575849
0.0,0.0,0.00015473741551080738
0.0,0.0,3.030654805874116e-05
0.0,0.0,4.451036895590474e-05
0.0,0.0,3.148141652632502e-05
0.0,0.0,0.002583466282712499
0.0,0.0,3.352197126238957e-05
0.0,0.0,9.232422886787766e-05
0.0,0.0,0.0007470571491281574
0.0,0.0,0.00016858071790202243
0.0,0.0,0.0006465828357750598
0.0,0.0,1.7560889287786938e-05
0.0,0.0,0.00012315502687981213
0.0,0.0,0.00012270594176302339
0.0,0.0,8.190182916119938e-05
1.0,1.0,0.9991684777914331
0.0,0.0,0.00021162464888014172
0.0,0.0,0.00015409429861538827
0.0,0.0,0.00031818548956512847
0.0,0.0,5.66780912365118e-05
0.0,0.0,0.0006313513521115067
1.0,1.0,0.9789045759775152
0.0,0.0,0.0008333525783547056
0.0,0.0,5.563144820810812e-05
0.0,0.0,0.0002858038294768377
0.0,0.0,5.289620233590954e-05
0.0,0.0,0.0001166955308509383
0.0,0.0,0.0003429130707685056
0.0,0.0,4.4906580196857945e-05
0.0,0.0,0.25782244722249836
0.0,0.0,3.0287381986517233e-05
0.0,0.0,6.269672728632544e-05
0.0,0.0,9.521091073245332e-05
0.0,0.0,6.368164041055544e-05
0.0,0.0,6.603005326318362e-05
0.0,0.0,2.921510163334268e-05
0.0,0.0,4.497825495603658e-05
0.0,0.0,9.48438038412729e-05
0.0,0.0,3.901240334028173e-05
0.0,0.0,5.398678583705075e-05
0.0,0.0,3.829481807361216e-05
0.0,0.0,0.00016347869690771513
0.0,0.0,5.363522611127425e-05
0.0,0.0,5.0527985236143326e-05
0.0,0.0,7.58810282455647e-05
0.0,0.0,0.0002045726860269755
0.0,0.0,0.0009706950780897117
0.0,0.0,0.06042912961066183
0.0,0.0,0.00013430570477040773
0.0,0.0,0.002291873910434361
0.0,0.0,8.929799724756326e-05
0.0,0.0,0.00013603526991106857
0.0,0.0,0.000139614978294425
0.0,0.0,1.1319935251191446e-05
0.0,0.0,0.0002216713802822521
0.0,0.0,1.2126666493895085e-05
1.0,1.0,0.9994635487880329
0.0,0.0,0.006762431576483859
0.0,0.0,0.0003727706019236767
0.0,0.0,4.2954164277622656e-05
0.0,0.0,0.00019149561349821086
0.0,0.0,7.631286447354503e-05
0.0,0.0,6.56179908123369e-05
0.0,0.0,4.290033425662347e-05
0.0,0.0,5.872958436369743e-05
0.0,0.0,5.0142722172282385e-05
0.0,0.0,0.0003889981007107696
0.0,0.0,5.911666000915608e-05
0.0,0.0,2.8795951011171137e-05
0.0,0.0,0.0002420205905924414
0.0,0.0,0.00016026706198754334
1.0,1.0,0.999401219373357
0.0,0.0,0.00010092931604458674
0.0,0.0,0.00011141308194331231
0.0,0.0,0.00013902889055682533
0.0,0.0,0.0006344466714849593
0.0,0.0,0.0003179745487589838
0.0,0.0,0.0003065865396510193
0.0,0.0,5.578199451268781e-05
0.0,0.0,0.00014302463908533842
0.0,0.0,4.2121479074240326e-05
0.0,0.0,0.0003555930608137959
0.0,0.0,0.0002223812151070179
1.0,1.0,0.9993827553823659
0.0,0.0,3.884030826199339e-05
0.0,0.0,8.284902803010312e-05
0.0,0.0,0.00031798985761910157
0.0,0.0,0.007596159761687241
0.0,0.0,9.103130680066199e-05
0.0,0.0,0.0009156096930411118
0.0,0.0,3.1814252216552145e-05
0.0,0.0,0.000162848415606851
0.0,0.0,3.380786298519911e-05
0.0,0.0,0.00010404821482325638
0.0,0.0,0.0006990140397470239
0.0,0.0,0.0006308860518510589
0.0,0.0,7.102343562298293e-05
0.0,0.0,7.202974252571338e-05
0.0,0.0,5.355602709454467e-05
0.0,0.0,3.637455411000606e-05
0.0,0.0,0.00026868284054024316
0.0,0.0,6.40037554800769e-05
0.0,0.0,2.1198154361052534e-05
0.0,0.0,0.002291873910434361
0.0,0.0,0.0006052551394284949
0.0,0.0,1.623406110040914e-05
0.0,0.0,7.394734631076787e-05
0.0,0.0,0.0001349172482309287
1.0,1.0,0.9993193067998517
0.0,0.0,0.0001583879820750329
0.0,0.0,0.0007470571491281574
0.0,0.0,0.00028466834079413815
0.0,0.0,0.00014920485982783117
0.0,0.0,0.001155552092579318
0.0,0.0,0.0002880261930991594
0.0,0.0,8.62128798946882e-05
0.0,0.0,4.5379305961556255e-05
0.0,0.0,0.008995591732529376
0.0,0.0,0.0007294890445309132
0.0,0.0,5.3571755320838975e-05
0.0,0.0,0.0007609151696194737
0.0,0.0,0.0002585802967749832
0.0,0.0,0.00028742979364216323
0.0,0.0,0.000749302122462693
0.0,0.0,5.693806690988697e-05
0.0,0.0,4.903929077060123e-05
1.0,0.0,0.14722505780403075
0.0,0.0,0.00044619595926487807
0.0,0.0,0.00014838468385446635
1.0,1.0,0.9814825443120925
0.0,0.0,0.00035581166317756667
0.0,0.0,2.8083387962349325e-05
0.0,0.0,3.3469076774614804e-05
0.0,0.0,0.0001536164165460331
0.0,0.0,0.00021310219854147973
0.0,0.0,0.004537466038848988
0.0,0.0,0.00033032268192036845
0.0,0.0,0.0002502420749931393
0.0,0.0,0.00045960621586515967
0.0,0.0,6.584539157197292e-05
0.0,0.0,1.3313591641999963e-05
0.0,0.0,4.544282858744775e-05
0.0,0.0,1.1561080843239123e-05
0.0,0.0,3.486678069633755e-05
0.0,0.0,2.9365772050277724e-05
0.0,0.0,2.0416980148252036e-05
0.0,0.0,3.1912474359298466e-05
0.0,0.0,0.0007300974443005484
0.0,0.0,0.00023464258323292953
0.0,0.0,0.005719493437820794
0.0,0.0,8.641728372377792e-05
0.0,0.0,0.00029161021784821764
0.0,0.0,0.0014834142227239775
0.0,0.0,0.00029239203997657217
0.0,1.0,0.5747897660076278
0.0,0.0,2.083806389124823e-05
0.0,0.0,0.00029462944344769347
0.0,0.0,4.8322047726287124e-05
0.0,0.0,0.00017814806490562578
0.0,0.0,8.734837200723442e-05
1.0,1.0,0.9993267444809691
0.0,0.0,4.009392902594137e-05
0.0,0.0,0.0009703588676319523
0.0,0.0,7.983799456040026e-05
0.0,0.0,4.754768706074978e-05
0.0,0.0,5.809749420780976e-05
0.0,0.0,6.923387988145259e-05
0.0,0.0,0.00025367105380771893
1.0,1.0,0.9734145348919921
0.0,0.0,0.00027887855864576467
0.0,0.0,6.135127318384973e-05
0.0,0.0,0.0011763504643971124
0.0,0.0,0.00012523472077442636
0.0,0.0,0.00012499089744764813
0.0,0.0,0.0003191304317363173
0.0,0.0,0.00035834082611173085
0.0,0.0,0.000548445530128464
0.0,0.0,4.0586962591210334e-05
1.0,1.0,0.9994622825087971
0.0,0.0,3.0195018183996102e-05
0.0,0.0,0.0004679136964942326
0.0,0.0,9.467310222799347e-05
0.0,0.0,2.7355316459516196e-05
0.0,0.0,3.985840936758506e-05
0.0,0.0,6.995110726207758e-05
0.0,0.0,0.0005796659939256156
0.0,0.0,0.0004375170392915301
0.0,0.0,4.9021682330955704e-05
0.0,0.0,0.0003680394381784096
1.0,1.0,0.9995182353134332
0.0,0.0,0.0006313513521115067
0.0,0.0,0.00018595313870977564
0.0,0.0,5.9891271582991725e-05
0.0,0.0,0.0009416586713012402
0.0,0.0,7.710987573997387e-05
0.0,0.0,6.903108253591336e-05
1.0,1.0,0.9993104770591984
0.0,0.0,6.057932610781767e-05
0.0,0.0,0.0005797602656667734
0.0,0.0,0.00043404577197938063
0.0,0.0,3.205015258284089e-05
1.0,1.0,0.9814825443120925
0.0,0.0,0.00019437485897312142
1.0,1.0,0.9995206256965163
0.0,0.0,0.00013548416583517475
0.0,0.0,4.05160124864974e-05
0.0,0.0,0.00014982409305464543
0.0,0.0,2.056222136925319e-05
0.0,0.0,0.00015568350997759715
0.0,0.0,4.721492100480614e-05
0.0,0.0,1.736473800852331e-05
0.0,0.0,4.422697225815258e-05
0.0,0.0,7.030171439680237e-05
0.0,0.0,2.1963917341912755e-05
0.0,0.0,0.00017922376169933176
0.0,0.0,3.7856197226052016e-05
0.0,0.0,0.00013028516317422717
0.0,0.0,7.546834566880222e-05
0.0,0.0,4.2648472284673984e-05
0.0,0.0,0.00021684969701231472
0.0,0.0,7.11959491930103e-05
0.0,0.0,4.6601287658539455e-05
0.0,0.0,4.1106989144077094e-05
0.0,0.0,3.8378773178107046e-05
0.0,0.0,0.00026958943073876094
0.0,0.0,0.00037583851974423466
0.0,0.0,0.00015768625137903012
0.0,0.0,0.0011763504643971124
0.0,0.0,3.059774641632639e-05
0.0,0.0,0.0007527744291223657
0.0,0.0,0.0004151007643701885
0.0,0.0,0.0007184140035817098
0.0,0.0,5.034073900634854e-05
0.0,0.0,0.001302807400632408
0.0,0.0,0.0005936862865664679
0.0,0.0,0.00023145561744197657
0.0,0.0,4.010753167571449e-05
0.0,0.0,4.494109360049223e-05
0.0,0.0,0.00012178957156559544
0.0,0.0,0.00038880676643941584
0.0,0.0,6.126944556579246e-05
0.0,0.0,0.00028808590086037874
0.0,0.0,8.017395277211005e-05
0.0,0.0,4.9101623531248874e-05
0.0,0.0,0.0003400349565965761
0.0,0.0,1.4819200129767587e-05
0.0,0.0,4.741786772529386e-05
0.0,0.0,0.00011948541967305022
0.0,0.0,4.889459178373605e-05
0.0,0.0,0.0007687265436415248
0.0,0.0,9.027277456615635e-05
0.0,0.0,0.3681369127700136
0.0,0.0,4.548046486315709e-05
0.0,0.0,5.4028792310946633e-05
0.0,0.0,0.0004850856894119266
0.0,0.0,0.0006324374764747468
0.0,0.0,0.000453579405377366
0.0,0.0,5.4812304774044546e-05
0.0,0.0,3.372146976071069e-05
0.0,0.0,9.33671604734981e-05
0.0,0.0,0.0003015743642074443
0.0,0.0,0.0014834142227239775
0.0,0.0,0.00022984521824150024
0.0,0.0,9.885964585353639e-05
0.0,0.0,6.939685924483563e-05
0.0,0.0,7.83639080348467e-05
0.0,0.0,0.0001819861050025633
0.0,0.0,0.00020647712108879838
0.0,0.0,3.401793185234901e-05
0.0,0.0,0.00013403541231903014
1.0,1.0,0.9994901164423659
0.0,0.0,0.00023464258323292953
0.0,0.0,1.1972701386064033e-05
0.0,0.0,0.00036646069908890307
0.0,0.0,0.0002313217534928333
1.0,1.0,0.999401219373357
0.0,0.0,0.00017619228350431552
0.0,0.0,0.0002479497053716674
0.0,0.0,0.00014850605249568067
0.0,0.0,0.00023856830234636313
0.0,0.0,0.000125784053361713
0.0,0.0,0.0011422374997508626
0.0,0.0,0.0013203130717794023
0.0,0.0,2.7102185197503806e-05
0.0,0.0,8.550233121703519e-05
0.0,0.0,0.0010957993955968684
0.0,0.0,5.86489815169721e-05
0.0,0.0,6.279256993838614e-05
0.0,0.0,4.8919245563682e-05
0.0,0.0,0.0007049186127261681
0.0,0.0,1.5229895511093659e-05
0.0,0.0,0.00026958943073876094
0.0,0.0,0.00021608823527942593
0.0,0.0,4.4176628803994495e-05
0.0,0.0,8.97353429325127e-05
0.0,0.0,0.00010158117483673495
0.0,0.0,0.00010129991413865475
0.0,0.0,0.0013455513303749472
0.0,0.0,0.00011005116624003814
0.0,0.0,0.0002521558092110539
0.0,0.0,3.187966320931609e-05
0.0,0.0,0.00026363534217374883
0.0,0.0,3.0200352004218646e-05
0.0,0.0,3.113492942270111e-05
0.0,0.0,6.281340523100947e-05
0.0,0.0,9.875388490197675e-05
0.0,0.0,0.00040857419111954145
0.0,0.0,9.204167752166427e-05
0.0,0.0,4.302643490267572e-05
0.0,0.0,3.390297667228648e-05
0.0,0.0,4.667352960063272e-05
0.0,0.0,9.254234848078246e-05
0.0,0.0,0.0001123670208710352
0.0,0.0,3.7318516021882875e-05
0.0,0.0,8.741976081020193e-05
0.0,0.0,0.0009347362656650205
0.0,0.0,6.921978551160551e-05
0.0,0.0,0.00037062800491250315
0.0,0.0,7.558545943782325e-05
0.0,0.0,4.63264527052882e-05
0.0,0.0,0.00026089921254243405
0.0,0.0,0.0004303878902947978
0.0,0.0,6.093996583111624e-05
0.0,0.0,3.9675910361712665e-05
1.0,1.0,0.9992263130276209
0.0,0.0,7.558545943782325e-05
0.0,0.0,0.00021911147238398465
0.0,0.0,3.089910973056917e-05
0.0,0.0,0.00015335484011277085
0.0,0.0,0.0002065514823198152
0.0,0.0,9.332024385782169e-05
0.0,0.0,0.000854265698975692
0.0,0.0,3.8091544370721404e-05
0.0,0.0,9.074309954857158e-05
0.0,0.0,6.279256993838614e-05
0.0,0.0,0.000418921447651108
0.0,0.0,4.8204338870409673e-05
0.0,0.0,3.4104307730614303e-05
0.0,0.0,9.713658609075552e-05
0.0,0.0,9.736731191292026e-05
1.0,1.0,0.9994622825087971
0.0,0.0,7.400838049566144e-05
0.0,0.0,0.0005019450661752919
0.0,0.0,4.844733400047926e-05
0.0,0.0,4.283409751978755e-05
0.0,0.0,0.0013891820806220053
0.0,0.0,9.456742014084073e-05
0.0,0.0,0.00020292188888745795
0.0,0.0,0.0005913081532509908
0.0,0.0,0.00014504837323253892
0.0,0.0,0.00018476866192815113
0.0,0.0,0.0005066009634578949
0.0,0.0,0.000554733470011087
0.0,0.0,0.002291873910434361
0.0,0.0,0.0008315973050644908
0.0,0.0,4.279276746057539e-05
0.0,0.0,6.130255031307108e-05
0.0,0.0,3.0331233390537072e-05
0.0,0.0,0.0002493068315130785
0.0,0.0,4.0596354407789305e-05
0.0,0.0,0.00011678146522158985
0.0,0.0,4.521101456706676e-05
0.0,0.0,6.460173853582909e-05
0.0,0.0,0.002291873910434361
0.0,0.0,0.00013891494075235744
0.0,0.0,0.00016802091476666246
0.0,0.0,8.469824732843702e-05
0.0,0.0,0.00504879635413515
0.0,0.0,0.00018222688130303742
0.0,0.0,0.00043358774653433005
0.0,0.0,0.0006465828357750598
0.0,0.0,0.00014245367081820674
1.0,1.0,0.9991421576924361
0.0,0.0,0.009712715178596508
0.0,0.0,0.000139614978294425
0.0,0.0,0.0005455755915684736
0.0,0.0,0.0002250744467974073
0.0,0.0,0.0003179745487589838
0.0,0.0,4.945924165883616e-05
0.0,0.0,0.0005388171064798407
0.0,0.0,9.609236486990394e-05
0.0,0.0,0.0002146888541086092
0.0,0.0,2.7332089835317626e-05
0.0,0.0,7.558545943782325e-05
0.0,0.0,0.00012343241115776648
0.0,0.0,0.0006174423837810212
0.0,0.0,6.389968473105974e-05
0.0,0.0,0.00025367105380771893
0.0,0.0,3.764000191160324e-05
0.0,0.0,0.00011370639319906593
1.0,1.0,0.9993089044681327
0.0,0.0,4.7485929587376595e-05
0.0,0.0,6.515376373312498e-05
0.0,0.0,3.363912784849629e-05
1.0,1.0,0.9823230190625855
0.0,0.0,0.00036535088296201233
0.0,0.0,0.00070372173482019
0.0,0.0,5.830435024049698e-05
0.0,0.0,0.00020613351979065672
0.0,0.0,0.00012885078347490481
0.0,0.0,8.878913572013325e-05
1.0,1.0,0.9570688110974873
0.0,0.0,0.0017376580108851255
0.0,0.0,0.00017451148472044566
0.0,0.0,0.00013377642832729478
1.0,1.0,0.9991290643493159
0.0,0.0,3.255840855894102e-05
0.0,0.0,4.204024862780569e-05
0.0,0.0,2.9887486456444656e-05
0.0,0.0,3.861207622748266e-05
0.0,0.0,0.00021115659407052858
0.0,0.0,8.922891947616134e-06
0.0,0.0,4.1717457496278044e-05
0.0,0.0,5.148712245510901e-05
0.0,0.0,4.4664256599917006e-05
0.0,0.0,9.254234848078246e-05
0.0,0.0,7.900683323407383e-05
0.0,0.0,0.00865805992734325
0.0,0.0,2.9717578688966016e-05
0.0,0.0,0.00015273596620682392
0.0,0.0,0.00038724584512811125
0.0,0.0,0.0001575586610910735
0.0,0.0,5.16880359333672e-05
0.0,0.0,9.568443052667761e-05
1.0,1.0,0.9992263130276209
0.0,0.0,0.0001261507931826213
0.0,0.0,9.963811681868038e-05
0.0,0.0,0.0005196949268076699
0.0,0.0,0.00013264753109434995
0.0,0.0,5.635116043130246e-05
0.0,0.0,3.2424479821275086e-05
0.0,0.0,0.010130949974531823
0.0,0.0,0.0004268262684078959
0.0,0.0,5.3212134546992855e-05
0.0,0.0,0.00012270594176302339
1.0,1.0,0.9993825200275223
0.0,0.0,6.363271205599548e-05
0.0,0.0,0.00031798985761910157
0.0,0.0,0.00017849468708231315
0.0,0.0,0.00017854421034962844
0.0,0.0,2.9169666097499327e-05
0.0,0.0,1.2047498560759393e-05
0.0,0.0,9.416836075421597e-05
0.0,0.0,0.00010741033043461835
0.0,0.0,5.452255386149732e-05
0.0,0.0,0.0006521864227283191
0.0,0.0,1.8795160416898717e-05
0.0,0.0,4.6186987258596084e-05
0.0,0.0,0.00025159370894342874
0.0,0.0,4.7861442602291156e-05
0.0,0.0,0.00023028673866138456
0.0,0.0,5.2022602363326025e-05
0.0,0.0,0.0003196141759064792
1.0,1.0,0.9992363561908236
0.0,0.0,3.1331637294481776e-05
0.0,0.0,1.887339945533276e-05
0.0,0.0,0.002291873910434361
0.0,0.0,4.0917392276931276e-05
0.0,0.0,4.0269697458912486e-05
0.0,0.0,0.00023856830234636313
0.0,0.0,0.0005721089485842738
0.0,0.0,3.8629635422360696e-05
0.0,0.0,5.705869185640442e-05
0.0,0.0,0.0014834142227239775
0.0,0.0,0.0014834142227239775
0.0,0.0,0.00013185653012482578
0.0,0.0,3.207282345477453e-05
1.0,1.0,0.9991786822429204
0.0,0.0,0.0008315973050644908
0.0,0.0,0.0005354109019112678
0.0,0.0,2.009485694164375e-05
0.0,0.0,5.9418315191688226e-05
0.0,0.0,0.003128329546818232
0.0,0.0,3.5759009729642596e-05
0.0,0.0,0.0002730494106490322
0.0,0.0,0.0005381445303499787
0.0,0.0,0.00010561716796436719
0.0,0.0,0.00010525798630679257
0.0,0.0,0.0001422418510735663
0.0,0.0,0.0014834142227239775
0.0,0.0,0.00019003674460439944
0.0,0.0,6.755021429356308e-05
1.0,1.0,0.9994429221050357
0.0,0.0,5.518284152233514e-05
0.0,0.0,0.0006570041922094931
0.0,0.0,4.597603884014276e-05
0.0,0.0,0.0004903554481059056
0.0,0.0,6.578546114709181e-05
0.0,0.0,3.719672586014026e-05
1.0,1.0,0.9989568612477768
0.0,0.0,0.0001509798343891118
0.0,0.0,0.0002734751849362496
0.0,0.0,4.370105792339575e-05
0.0,0.0,0.0006226368832152929
0.0,0.0,0.00014850605249568067
0.0,0.0,0.0006652162844936343
0.0,0.0,2.7732175202460566e-05
0.0,0.0,9.725846385342078e-05
0.0,0.0,4.996450258831211e-05
0.0,0.0,0.00034997353154918054
0.0,0.0,0.00020428257483604803
0.0,0.0,0.00037278854795176093
0.0,0.0,0.00020532576667824266
0.0,0.0,0.0004018719556828869
0.0,0.0,0.000195757657602004
0.0,0.0,1.2300989336131479e-05
0.0,0.0,9.252739926450075e-05
0.0,0.0,1.7699847709305083e-05
1.0,1.0,0.999401219373357
0.0,0.0,0.0006286320299725221
0.0,0.0,0.0008473668388148528
0.0,0.0,0.0001906098855789714
0.0,0.0,0.00021968234479284777
0.0,0.0,4.263453488896646e-05
0.0,0.0,0.00018493207764281062
0.0,0.0,0.00014829651754248813
0.0,0.0,2.9554981889005573e-05
0.0,0.0,0.00013590876802657028
0.0,0.0,7.558545943782325e-05
0.0,0.0,1.0704368506155942e-05
0.0,0.0,6.845935858744429e-05
0.0,0.0,0.00019570989892691657
0.0,0.0,0.00010814414569623055
0.0,0.0,7.8223975268649e-05
0.0,0.0,3.14787064277767e-05
0.0,0.0,4.5543887442519204e-05
0.0,0.0,0.0002210380407879925
0.0,0.0,0.0013055672917000902
0.0,0.0,0.00021613876519206097
0.0,0.0,0.0002556263877086787
0.0,0.0,3.516382443182911e-05
0.0,0.0,0.00022129078155767954
0.0,0.0,3.051449106153053e-05
0.0,0.0,4.440491554722733e-05
0.0,0.0,0.00018470275411306246
0.0,0.0,0.00027144456085998077
0.0,0.0,0.0002894071759373843
0.0,0.0,0.0002071331290910589
0.0,0.0,0.00019149298088111434
0.0,0.0,0.0006838412563330251
0.0,0.0,3.9293944634425096e-05
0.0,0.0,0.00013606289087076873
0.0,0.0,0.00035298137338510006
0.0,0.0,7.93410215810629e-05
0.0,0.0,0.00019637100141080591
0.0,0.0,0.00022545483093436953
0.0,0.0,0.00011857856111772672
0.0,0.0,8.085271569369515e-05
0.0,0.0,0.0062263286037344745
0.0,0.0,0.00012242368779658022
0.0,0.0,2.139106614167942e-05
0.0,0.0,3.583717409776654e-05
0.0,0.0,0.0008951606549409587
0.0,0.0,4.357518279387398e-05
0.0,0.0,0.00018498976863590716
0.0,0.0,5.085943771162409e-05
0.0,0.0,0.00037380339185101005
0.0,0.0,0.0015681512639781684
0.0,0.0,5.258906315880016e-05
0.0,0.0,7.324041000701004e-05
0.0,0.0,3.2785686010947943e-05
0.0,0.0,0.00031440741144547724
0.0,0.0,0.00021911147238398465
0.0,0.0,0.00030529418173656477
1.0,1.0,0.999540466709665
0.0,0.0,7.353181388692374e-05
0.0,0.0,0.0002017659218228679
0.0,0.0,0.0002802652290972986
0.0,0.0,0.00011678891096580448
0.0,0.0,0.00024753063322880374
0.0,0.0,0.00015308392619195685
0.0,0.0,9.184357329055017e-05
0.0,0.0,0.0002250744467974073
0.0,0.0,5.349043412096662e-05
0.0,0.0,2.5383523434331344e-05
0.0,0.0,4.647837698657964e-05
0.0,0.0,0.0006663005445450909
0.0,0.0,5.661143280516944e-05
1.0,1.0,0.9993897707044149
0.0,0.0,5.1347034280801906e-05
0.0,0.0,4.0883707489114576e-05
0.0,0.0,0.00028274008521101106
0.0,0.0,0.00030216106400215645
0.0,0.0,0.00032603366326288265
0.0,0.0,0.00018948868188127903
0.0,0.0,7.800837404556887e-05
0.0,0.0,0.0006376132834864536
0.0,0.0,0.0004276915648119547
0.0,0.0,0.0001487254672438253
0.0,0.0,0.0002444114266186051
0.0,0.0,0.0005536832678245329
1.0,1.0,0.9987077055235639
0.0,0.0,0.0003070162936962883
0.0,0.0,0.0041440012873381815
0.0,0.0,0.00045960621586515967
0.0,0.0,9.787704759648834e-05
0.0,0.0,0.00011935909091368933
0.0,0.0,0.00033782708502656897
0.0,0.0,0.0007226826400232501
0.0,0.0,5.439480711909903e-05
0.0,0.0,4.661566776301879e-05
0.0,0.0,4.3741408682984996e-05
0.0,0.0,0.0001549747174098722
0.0,0.0,0.0011541574962737936
0.0,0.0,3.985581145092889e-05
0.0,0.0,4.1721741610090845e-05
0.0,0.0,0.00010205094772674246
0.0,0.0,2.7489052459274775e-05
1.0,1.0,0.9994489019674758
0.0,0.0,0.0002683529947351507
0.0,0.0,0.00045960621586515967
0.0,0.0,0.00022892683054412456
0.0,0.0,0.0003520085548010703
0.0,0.0,0.0004885396278787239
0.0,0.0,5.923391621382266e-05
0.0,0.0,2.4670461940985432e-05
1.0,1.0,0.9985534529985785
0.0,0.0,0.00011924212916256589
0.0,0.0,0.00023830718096797243
1.0,1.0,0.9993121367987031
0.0,0.0,3.832161604886623e-05
0.0,0.0,5.303039465613222e-05
0.0,0.0,0.00022146869293080136
0.0,0.0,0.00025585779729904635
0.0,0.0,5.318177145059331e-05
0.0,0.0,5.3844292151303544e-05
0.0,0.0,0.00043358774653433005
0.0,0.0,8.222543910132952e-05
0.0,0.0,0.0002829338584508052
0.0,0.0,5.041899119210444e-05
1.0,1.0,0.9994011194274681
0.0,0.0,6.460173853582909e-05
0.0,0.0,0.00018795965027272488
0.0,0.0,0.00042842644340578256
0.0,0.0,0.0002500843198948908
0.0,0.0,0.0025098030016907956
0.0,0.0,0.00026681100795644376
0.0,0.0,2.23704755855785e-05
0.0,0.0,4.9682003686461675e-05
0.0,0.0,4.647837698657964e-05
0.0,0.0,0.0008865323741804117
0.0,0.0,0.0013891820806220053
0.0,0.0,0.008446523734879823
0.0,0.0,5.386670796144417e-05
0.0,0.0,6.214892178687268e-05
0.0,0.0,0.0004516422432636012
0.0,0.0,3.555382616520672e-05
0.0,0.0,0.00020469708015720774
0.0,0.0,4.4464661714844695e-05
0.0,0.0,0.0004504500276695105
0.0,0.0,7.558545943782325e-05
0.0,0.0,0.00021658950832514716
0.0,0.0,9.410637625027632e-05
0.0,0.0,7.645762166998631e-05
0.0,0.0,4.340352549217038e-05
0.0,0.0,1.1776117707231247e-05
0.0,0.0,0.0003684223263877444
0.0,0.0,2.961433703934327e-05
0.0,0.0,1.7560889287786938e-05
0.0,0.0,0.0007694206933406084
0.0,0.0,3.5791589900159566e-05
0.0,0.0,0.00023986781680958056
0.0,0.0,0.00014622600401526
0.0,0.0,0.00023944679805273307
0.0,0.0,0.00023856830234636313
0.0,0.0,1.1327779292981317e-05
0.0,0.0,2.5276508639653643e-05
0.0,0.0,0.3174966585512394
0.0,0.0,0.0003131954083072531
0.0,0.0,5.760112787806085e-05
0.0,0.0,0.00017035409414882435
0.0,0.0,0.00040113424920765287
0.0,0.0,0.0002871003095865978
0.0,0.0,5.671960696511835e-05
0.0,0.0,0.0006344466714849593
0.0,0.0,0.0001944913007454284
0.0,0.0,0.0011545426895371049
0.0,0.0,0.0009028864251819934
0.0,0.0,0.000922496512888886
0.0,0.0,0.00028935885004907093
0.0,0.0,0.0003849236371475891
0.0,0.0,2.280504095994425e-05
0.0,0.0,0.00016929005740019275
0.0,0.0,3.6471478177833196e-05
0.0,0.0,0.00019149298088111434
0.0,0.0,0.0003319269841675098
0.0,0.0,5.3959810538142825e-05
0.0,0.0,0.0004749077422075062
0.0,0.0,6.322979138992667e-05
0.0,0.0,1.6724369930256496e-05
1.0,1.0,0.9987299081003644
0.0,0.0,3.6864359443238355e-05
0.0,0.0,7.460048007229582e-05
0.0,0.0,8.87447808805629e-05
0.0,0.0,0.00013342996116031075
0.0,0.0,0.00042121990674289563
0.0,0.0,0.00029534259087184026
0.0,0.0,0.00017584474680800008
0.0,0.0,1.3194668809218518e-05
0.0,0.0,0.0001977439060371892
0.0,0.0,0.00021309982046736152
1.0,1.0,0.9985323207436536
0.0,0.0,0.00025452802656660993
0.0,0.0,4.6017587470692295e-05
0.0,0.0,0.00010846669107805839
0.0,0.0,0.00018820029648947885
0.0,0.0,0.00033681680812002346
0.0,0.0,0.00022724172194446554
0.0,0.0,1.580307504086526e-05
0.0,0.0,0.00014090463337999547
0.0,0.0,0.00070372173482019
0.0,0.0,7.540672058206201e-05
0.0,0.0,4.377199242644613e-05
0.0,0.0,3.0275698025464385e-05
0.0,0.0,0.00010658434570289029
0.0,0.0,5.867502177273508e-05
0.0,0.0,0.00012134861441388466
0.0,0.0,3.546852552732226e-05
0.0,0.0,0.0002377825116318522
0.0,0.0,0.00041827814026639844
0.0,0.0,0.00027181503337624563
0.0,0.0,8.272681481081045e-05
0.0,0.0,2.0468957434219235e-05
0.0,0.0,0.00023755192750783628
0.0,0.0,0.00023430168817650072
0.0,0.0,4.716894700544307e-05
0.0,0.0,0.00010561716796436719
1.0,1.0,0.9994268390439416
0.0,0.0,6.048567357150225e-05
0.0,0.0,9.335953855778772e-05
0.0,0.0,4.6296036865082105e-05
0.0,0.0,0.0011541574962737936
0.0,0.0,2.6078982015341904e-05
0.0,0.0,7.072840678521474e-05
1.0,1.0,0.9811912344677837
0.0,0.0,0.00014626217395948785
0.0,0.0,4.597603884014276e-05
0.0,0.0,0.00029956575104345297
0.0,0.0,9.307045706008324e-05
0.0,0.0,3.0052306770434555e-05
0.0,0.0,0.00030216106400215645
0.0,0.0,7.928022322965243e-05
0.0,0.0,2.2940987720961218e-05
0.0,0.0,7.450745135938366e-05
0.0,0.0,0.0001487254672438253
0.0,0.0,0.00011939981232846292
1.0,1.0,0.9991798018163024
0.0,0.0,0.0003510821216413779
0.0,0.0,6.214892178687268e-05
0.0,0.0,9.568443052667761e-05
0.0,0.0,9.980114002437609e-05
0.0,0.0,0.0004204872463346465
0.0,0.0,3.355202224356868e-05
0.0,0.0,0.0006951461365204678
0.0,0.0,0.005500318374890267
0.0,0.0,5.412037512358283e-05
0.0,0.0,0.000478480571359411
0.0,0.0,0.0001979625163034462
0.0,0.0,1.8431787786068604e-05
0.0,0.0,0.003515547927192087
0.0,0.0,0.0004244909599971877
0.0,0.0,0.0006085439470877729
0.0,0.0,0.00023898655894119281
0.0,0.0,1.1968775985940975e-05
0.0,0.0,0.00017555368698565196
0.0,0.0,4.246057858160005e-05
0.0,0.0,0.00019433641742633203
0.0,0.0,0.0002095579277339493
0.0,0.0,0.00018376433228349756
0.0,0.0,1.6839631902874504e-05
0.0,0.0,8.197557850675072e-05
0.0,0.0,0.00023856830234636313
0.0,0.0,0.0002274488558496207
0.0,0.0,3.6495186138021434e-05
0.0,0.0,0.00026288014284237
0.0,0.0,0.00021865312729802634
0.0,0.0,0.00023856830234636313
0.0,0.0,0.00022469982988855515
0.0,0.0,8.365293200061139e-05
0.0,0.0,0.0003464684783654359
0.0,0.0,0.0006029152663250944
0.0,0.0,1.294033814802306e-05
0.0,0.0,0.0004215109658054625
0.0,0.0,0.00017598588498215101
0.0,0.0,3.901240334028173e-05
0.0,0.0,0.00027144456085998077
0.0,0.0,6.59072594655562e-05
0.0,0.0,0.00041524028865980064
1.0,0.0,0.3158138541633942
0.0,0.0,0.002194405191581693
0.0,0.0,3.0468694700071134e-05
0.0,0.0,2.0658837134679276e-05
0.0,0.0,4.3270251426116164e-05
0.0,0.0,0.0002110750176542079
0.0,0.0,0.00012822857461795733
0.0,0.0,3.016703131395716e-05
0.0,0.0,1.2376665419347143e-05
0.0,0.0,4.754768706074978e-05
1.0,1.0,0.998819121939912
0.0,0.0,0.00021395769724400477
0.0,0.0,0.000122118378735304
0.0,0.0,9.389353731371001e-05
0.0,0.0,3.037577798667236e-05
0.0,0.0,0.0005973161429313306
0.0,0.0,5.3085233367453966e-05
0.0,0.0,0.0003381734392120567
0.0,0.0,0.0002083695637593366
0.0,0.0,0.00015833653748995928
0.0,0.0,0.00023028673866138456
0.0,0.0,0.0007916702543585139
0.0,0.0,9.70127205193363e-05
0.0,0.0,0.00040547061401057237
0.0,0.0,1.713008098517575e-05
0.0,0.0,0.00022174485040294238
0.0,0.0,9.254234848078246e-05
0.0,0.0,0.008653964799866052
0.0,0.0,0.00028603765118050736
0.0,0.0,7.063093921281438e-05
0.0,0.0,0.0008315973050644908
0.0,0.0,4.7356498116208916e-05
0.0,0.0,0.0005111713991605185
0.0,0.0,0.0001663662311135179
0.0,0.0,9.568443052667761e-05
1.0,1.0,0.9980013246887861
0.0,0.0,0.0022906246509090326
1.0,0.0,0.0011422374997508626
1.0,1.0,0.9991176626900845
0.0,0.0,7.035496558345253e-05
0.0,0.0,0.0002867790244197826
0.0,0.0,7.932822001996303e-05
0.0,0.0,0.019158532600739558
0.0,0.0,3.2807457946326055e-05
0.0,0.0,7.951131167319595e-05
0.0,0.0,4.338765698342633e-05
0.0,0.0,0.0001871431373177155
0.0,0.0,0.00012529421402661576
0.0,0.0,0.000419441642569485
0.0,0.0,0.00019732732345557715
0.0,0.0,0.00010236206297472676
0.0,0.0,8.78283538362422e-05
0.0,0.0,0.00016904786749245796
0.0,0.0,7.283860801402217e-05
0.0,0.0,0.0012164155447082342
0.0,0.0,0.00022099952458617915
0.0,0.0,0.00013303455815066
0.0,0.0,0.0024640950472628416
0.0,0.0,0.00013556640073651593
1.0,1.0,0.9993151215483622
0.0,0.0,0.00022180775439349328
1.0,1.0,0.9990041632845957
0.0,0.0,0.00010658434570289029
0.0,0.0,7.579417005001168e-05
0.0,0.0,0.00015501657483319174
0.0,0.0,0.00015357481493237128
0.0,0.0,0.00010215316620547409
0.0,0.0,0.0004371036239650366
1.0,1.0,0.999530033590529
0.0,0.0,0.0008787759993383027
0.0,0.0,4.4176628803994495e-05
0.0,0.0,0.00015594802668472986
0.0,0.0,9.578925612181745e-05
0.0,0.0,0.00021911147238398465
0.0,0.0,0.007596159761687241
0.0,0.0,6.253771473416965e-05
0.0,0.0,6.743031293559303e-05
0.0,0.0,0.0003113868841494283
0.0,0.0,2.350749140045076e-05
0.0,0.0,0.000822598286916574
0.0,0.0,6.921978551160551e-05
0.0,0.0,0.0002190084279930498
0.0,0.0,0.0013455513303749472
0.0,0.0,0.0006801429208255533
0.0,0.0,9.099637240083411e-05
0.0,0.0,6.46406517319396e-05
0.0,0.0,0.0002131251019767867
0.0,0.0,9.184357329055017e-05
0.0,0.0,0.00010250559444504375
0.0,0.0,3.833047258399226e-05
0.0,0.0,4.574192930773057e-05
0.0,0.0,0.00021362389750478826
0.0,0.0,3.985581145092889e-05
0.0,0.0,8.50534719698751e-05
0.0,0.0,6.40037554800769e-05
0.0,0.0,0.0003298769549683092
0.0,0.0,0.005680777857590193
0.0,0.0,3.682734521485507e-05
0.0,0.0,4.8322047726287124e-05
0.0,0.0,0.0004627844253611597
1.0,1.0,0.9823613518226031
0.0,0.0,7.193606730275554e-05
0.0,0.0,8.8336406031426e-05
0.0,0.0,0.002583466282712499
0.0,0.0,0.0011541574962737936
0.0,0.0,0.0002567361612287548
0.0,0.0,5.007540718028712e-05
0.0,0.0,0.00011232839602526251
0.0,0.0,0.0014834142227239775
0.0,0.0,0.0005111824020252266
0.0,0.0,0.0013568700569548079
0.0,0.0,5.241584723302372e-05
0.0,0.0,2.9520688220443273e-05
0.0,0.0,2.3540254422317417e-05
0.0,0.0,2.9326695210848443e-05
0.0,0.0,0.0003830868446788529
0.0,0.0,0.0007470571491281574
0.0,0.0,0.0005860361078178361
0.0,0.0,8.039348391783926e-05
0.0,0.0,3.1331637294481776e-05
1.0,1.0,0.9993344077630176
0.0,0.0,0.00027075799659537507
0.0,0.0,5.204723681619183e-05
0.0,0.0,7.087821878912649e-05
0.0,0.0,0.000521736184635633
0.0,0.0,6.46140005915546e-05
0.0,0.0,4.4805677013460574e-05
0.0,0.0,0.0002045632581212938
0.0,0.0,0.00010768814179401326
0.0,0.0,5.148979807076927e-05
0.0,0.0,3.4115047183382894e-05
1.0,1.0,0.9814825443120925
0.0,0.0,4.281185606187687e-05
0.0,0.0,4.9255693038997415e-05
0.0,0.0,4.2818256269472015e-05
0.0,0.0,0.00020402078069765283
0.0,0.0,0.0025098030016907956
0.0,0.0,0.0009634836004919814
0.0,0.0,0.000888685693783669
0.0,0.0,8.642459935479314e-05
0.0,0.0,0.00010722891701890533
0.0,0.0,0.0011422374997508626
0.0,0.0,0.00018227900223482648
0.0,0.0,0.00023856830234636313
0.0,0.0,3.2397723334289026e-05
0.0,0.0,0.0007062477734161612
0.0,0.0,0.0006344466714849593
0.0,0.0,0.00015287147340893709
0.0,0.0,0.0003191304317363173
0.0,0.0,9.70975094590807e-05
0.0,0.0,0.0003195494283866093
0.0,0.0,0.0005503816835832805
0.0,0.0,0.0013997103948602519
0.0,0.0,0.00024625092342154593
0.0,0.0,3.719278861509637e-05
0.0,0.0,3.8894821671343504e-05
0.0,0.0,0.0018968485295822357
0.0,0.0,0.0062263286037344745
0.0,0.0,0.0006048423549119721
0.0,0.0,5.072461400567636e-05
0.0,0.0,5.612690870229712e-05
0.0,0.0,0.00015767967819723896
0.0,0.0,4.146571250493864e-05
0.0,0.0,0.00011015428936274968
0.0,0.0,0.001005182774330833
0.0,0.0,0.0003061612790574104
0.0,0.0,2.1478047488464245e-05
0.0,0.0,4.6705167600530684e-05
0.0,0.0,0.0002434691839532429
0.0,0.0,0.0006197543759084204
0.0,0.0,3.090816929182865e-05
0.0,0.0,0.0002686189242229117
0.0,0.0,0.0028847016818213016
0.0,0.0,0.00012217932484803035
0.0,0.0,0.002291873910434361
0.0,0.0,0.009082001932887272
0.0,0.0,0.00020412610786715873
0.0,0.0,0.00019574456339169994
0.0,0.0,5.573121265070789e-05
0.0,0.0,4.281185606187687e-05
0.0,0.0,7.394734631076787e-05
0.0,0.0,1.4378815495888901e-05
0.0,0.0,0.00035464755759284823
0.0,0.0,9.718800567796457e-05
0.0,0.0,7.894600243162333e-05
0.0,0.0,6.299098026461527e-05
0.0,0.0,0.0002274291613516343
0.0,0.0,0.0004077335513954186
0.0,0.0,0.0006981185745490017
0.0,0.0,0.0008357531463453325
0.0,0.0,8.89773566539571e-06
0.0,0.0,0.00025454878803622607
0.0,0.0,0.00021658950832514716
0.0,0.0,0.0002191442963032245
0.0,0.0,0.0009442538622816375
0.0,0.0,3.081717117370045e-05
0.0,0.0,0.0003849236371475891
0.0,0.0,0.0001689287623594861
0.0,0.0,0.00045508045365776653
0.0,0.0,7.394079008212336e-05
0.0,0.0,9.52110136088746e-05
0.0,0.0,0.0003960756449198259
0.0,0.0,4.578433518747716e-05
0.0,0.0,0.0008218119626510806
0.0,0.0,6.824025554959892e-05
0.0,0.0,0.0002258547089319765
0.0,0.0,9.914030446115025e-06
0.0,0.0,0.0004523020724905896
0.0,0.0,5.546490918548579e-05
0.0,0.0,0.0002646829864737634
0.0,0.0,7.218046151377078e-05
0.0,0.0,2.298245634807956e-05
0.0,0.0,5.7090249075491945e-05
0.0,0.0,0.0006344466714849593
0.0,0.0,1.9440630557350732e-05
0.0,0.0,0.0001806477700712279
0.0,0.0,5.1347034280801906e-05
0.0,0.0,7.025838800910074e-05
0.0,0.0,9.810952946776574e-05
0.0,0.0,1.4671364575013806e-05
1.0,1.0,0.9550901681122568
0.0,0.0,8.239400753687826e-05
0.0,0.0,0.00011545269993097232
0.0,0.0,0.00017396007192801332
0.0,0.0,2.907860779847192e-05
0.0,0.0,0.0005016663664177789
0.0,0.0,0.0008131405938823069
0.0,0.0,3.2410797149047295e-05
0.0,0.0,0.00339365671261303
0.0,0.0,4.716894700544307e-05
0.0,0.0,7.50595999577158e-05
0.0,0.0,7.028494214728141e-05
0.0,0.0,0.00023856830234636313
0.0,0.0,1.3690160893026666e-05
1.0,1.0,0.9993827553823659
0.0,0.0,0.00010410805196071827
0.0,0.0,2.219500605006567e-05
1.0,1.0,0.9920808537296548
0.0,0.0,0.0002131251019767867
0.0,0.0,0.0005412912458679858
0.0,0.0,2.1094981426652896e-05
0.0,0.0,0.0007049186127261681
0.0,0.0,0.0003179745487589838
0.0,0.0,0.000749302122462693
0.0,0.0,3.0185719895426748e-05
0.0,0.0,0.00044606159837958187
0.0,0.0,8.322676104851255e-05
0.0,0.0,0.0005979492335887567
0.0,0.0,7.259461117351413e-05
0.0,0.0,0.0006114600096550121
0.0,0.0,0.0005203769305976993
0.0,0.0,0.00014518783340859207
0.0,0.0,0.00014800345247103044
0.0,0.0,0.0002520242292922133
0.0,0.0,0.001283591762560569
0.0,0.0,0.0006652162844936343
0.0,0.0,0.0006308876898065641
0.0,0.0,0.0002507455326910366
0.0,0.0,5.239111709445353e-05
0.0,0.0,0.006762431576483859
0.0,0.0,0.0003191304317363173
0.0,0.0,0.00043956135003438656
0.0,0.0,9.702112530291159e-05
0.0,0.0,0.00016661590979871678
0.0,0.0,0.0002875555410479087
0.0,0.0,0.00012218832754620835
0.0,0.0,0.0005206933645733046
0.0,0.0,0.0001834488720048121
0.0,0.0,6.837145160833421e-05
0.0,0.0,5.394460058398998e-05
0.0,0.0,0.00017516063287477865
0.0,0.0,9.449873055987251e-05
0.0,0.0,0.00045235336001583714
1.0,1.0,0.9993576655269083
0.0,0.0,0.0023496907054793062
0.0,0.0,0.00025958120295266216
0.0,0.0,0.0001562108303294561
0.0,0.0,2.8386936934952575e-05
0.0,0.0,5.504421353347674e-05
0.0,0.0,0.00010967332266674546
0.0,0.0,5.984631541049282e-05
0.0,0.0,3.0524866919597254e-05
0.0,0.0,8.016458548714088e-05
0.0,0.0,7.300290228199768e-05
0.0,0.0,0.0007184140035817098
0.0,0.0,5.762661157249669e-05
0.0,0.0,0.00042473769352761295
0.0,0.0,0.00026263934962475336
0.0,0.0,0.0006205294477336583
0.0,0.0,5.748686543705195e-05
0.0,0.0,0.00036366954446696446
0.0,0.0,0.00016171725158498814
1.0,1.0,0.9991421576924361
0.0,0.0,6.193103631407854e-05
0.0,0.0,1.166424752159034e-05
0.0,0.0,0.0004373107387796608
0.0,0.0,0.0017376580108851255
0.0,0.0,5.000126163905505e-05
0.0,0.0,0.00017245297969682938
0.0,0.0,0.0069695565842070204
0.0,0.0,0.00046895225719041715
0.0,0.0,0.0001906098855789714
0.0,0.0,0.00016185771458516494
0.0,0.0,1.5123877545270482e-05
0.0,0.0,7.915244732649567e-05
0.0,0.0,0.3681369127700136
1.0,1.0,0.9992531650867452
0.0,0.0,5.048282618234413e-05
0.0,0.0,0.00021753876385205895
0.0,0.0,0.0005582999916741455
0.0,0.0,0.0007413842416215322
1.0,1.0,0.9991033093983355
0.0,0.0,0.0005780973171260851
0.0,0.0,0.0007928160121317638
0.0,0.0,0.0001613390102696461
0.0,0.0,0.0006373971865065364
0.0,0.0,7.352278355848607e-05
0.0,0.0,5.869918309143766e-05
0.0,0.0,2.268976912624962e-05
0.0,0.0,4.8163539954630784e-05
1.0,1.0,0.9991071491797293
0.0,0.0,3.0789840848569306e-05
0.0,0.0,3.178925898517168e-05
0.0,0.0,0.0004938765558234464
0.0,0.0,9.830516316883133e-05
0.0,0.0,0.0006453647149567253
0.0,0.0,0.001181723663505427
0.0,0.0,8.3692876094531e-05
0.0,0.0,7.9815341327395e-05
0.0,0.0,0.0003367394438980204
0.0,0.0,0.00010790456073041092
0.0,0.0,0.0005433015606609707
0.0,0.0,3.120271348270066e-05
0.0,0.0,8.554991845181897e-05
0.0,0.0,0.0014834142227239775
0.0,0.0,0.00015624195630713355
0.0,0.0,0.0007020246474051139
0.0,0.0,0.00041828694845654656
0.0,0.0,0.00038983593566206817
0.0,0.0,4.487423896326012e-05
0.0,0.0,2.949991060666127e-05
0.0,1.0,0.5747897660076278
0.0,0.0,5.490953434191425e-05
0.0,0.0,0.0007138008626128162
0.0,0.0,0.00016443951491657273
0.0,0.0,0.000599950882761973
0.0,0.0,0.0010843309019296884
1.0,1.0,0.9995371323618485
0.0,0.0,0.0006124966668124407
0.0,0.0,6.922400058357209e-05
0.0,0.0,0.00014850605249568067
1.0,1.0,0.9995251527453034
0.0,0.0,3.486780061506025e-05
0.0,0.0,0.002291873910434361
0.0,0.0,0.0003468352063076162
0.0,0.0,6.433370689929883e-05
0.0,0.0,0.0011768661532690718
1.0,1.0,0.9823613518226031
0.0,0.0,0.00021775818352123553
0.0,0.0,1.9464615041813898e-05
0.0,0.0,0.0005503816835832805
0.0,0.0,0.004798746185521508
0.0,0.0,0.0001555802067867591
0.0,0.0,9.10312264883796e-05
0.0,0.0,3.380786298519911e-05
0.0,0.0,0.00037425075569256675
0.0,0.0,0.0003191304317363173
0.0,0.0,3.228308962649179e-05
0.0,0.0,1.1647592268623553e-05
0.0,0.0,3.237051496717739e-05
0.0,0.0,6.479214305364174e-05
0.0,0.0,0.00022807786376337097
0.0,0.0,0.00014431580920464047
0.0,0.0,0.000218025834414398
0.0,0.0,3.7207024447309884e-05
0.0,0.0,0.00027474291686631043
0.0,0.0,0.00016107887660831035
0.0,0.0,8.075412389776616e-05
0.0,0.0,4.2648472284673984e-05
0.0,0.0,0.00014800345247103044
0.0,0.0,4.889459178373605e-05
0.0,0.0,0.0002045632581212938
0.0,0.0,6.765002648873452e-05
0.0,0.0,0.0004822098248653046
0.0,0.0,6.710792232860984e-05
0.0,0.0,3.253050011072116e-05
0.0,0.0,0.0004356131107875683
0.0,0.0,0.00016347869690771513
0.0,0.0,1.478785154620301e-05
0.0,0.0,0.0006286320299725221
0.0,0.0,0.0005358365723199986
0.0,0.0,6.262152093828654e-05
0.0,0.0,7.71447945047104e-05
0.0,0.0,5.691165682654343e-05
0.0,0.0,0.00013494990738408392
0.0,0.0,6.603005326318362e-05
0.0,0.0,0.0006308860518510589
0.0,0.0,4.176967175619883e-05
1.0,1.0,0.9994005583380782
0.0,0.0,0.002291873910434361
0.0,0.0,4.847405091023659e-05
0.0,0.0,0.00017854421034962844
0.0,0.0,0.0007435474367157065
0.0,0.0,4.973051187939781e-05
0.0,0.0,0.0006407118414387744
0.0,0.0,3.3188466753321955e-05
0.0,0.0,0.00015755969978675883
0.0,0.0,5.684966335835395e-05
0.0,0.0,0.00018445993559734723
0.0,0.0,7.269416383036939e-05
0.0,0.0,7.268737063905737e-05
0.0,0.0,5.0870583831408815e-05
0.0,0.0,0.000796890570740044
0.0,0.0,3.9868882598968484e-05
0.0,0.0,8.470536128503438e-05
0.0,0.0,3.3182406712840464e-05
0.0,0.0,0.0006465828357750598
0.0,0.0,7.938411310026468e-05
0.0,0.0,0.00019497789679614235
0.0,0.0,0.009896382966681985
0.0,0.0,4.889459178373605e-05
0.0,0.0,1.3850602988051722e-05
0.0,0.0,0.0018968485295822357
0.0,0.0,6.15191509407909e-05
0.0,0.0,5.1515590701429804e-05
0.0,0.0,0.00011768680044503007
0.0,0.0,0.00020069080146118177
0.0,0.0,8.723749779765523e-05
0.0,0.0,0.0010414075281355423
0.0,0.0,0.00016739620879086241
0.0,0.0,9.588428613858778e-06
0.0,0.0,4.398062762298016e-05
0.0,0.0,3.7615534119731894e-05
0.0,0.0,0.0003170272696134819
0.0,0.0,0.00014986025220690185
0.0,0.0,0.0003126689176652976
0.0,0.0,0.000205327791497056
0.0,0.0,0.0006344466714849593
0.0,0.0,0.000300529948492618
0.0,0.0,8.434698594711789e-05
0.0,0.0,0.0007062477734161612
0.0,0.0,5.004495589360001e-05
0.0,0.0,1.6315350522606172e-05
0.0,0.0,4.7787434794325606e-05
0.0,0.0,0.0007688575137326069
0.0,0.0,0.00010798856082098428
0.0,0.0,4.980169657186674e-05
0.0,0.0,0.0003105918615507001
0.0,0.0,4.0613445012691145e-05
0.0,0.0,2.7839798775547278e-05
0.0,0.0,4.7290479780817915e-05
0.0,0.0,2.6320702426716858e-05
0.0,0.0,2.2410952794958078e-05
0.0,0.0,4.021224204752807e-05
0.0,0.0,0.00031715431702067446
0.0,0.0,0.00030894485977235115
0.0,0.0,0.0006286320299725221
0.0,0.0,5.324439363723033e-05
0.0,0.0,2.949991060666127e-05
0.0,0.0,1.6610770344834297e-05
0.0,0.0,1.0704368506155942e-05
0.0,0.0,9.810952946776574e-05
0.0,0.0,1.0743947798626975e-05
0.0,0.0,0.00022182713813605721
0.0,0.0,0.0001168898628795585
0.0,0.0,0.0004052842774377721
0.0,0.0,0.0006313513521115067
0.0,0.0,4.021224991286075e-05
0.0,0.0,8.214532919162408e-05
0.0,0.0,6.766282322185779e-05
0.0,0.0,4.603444783534781e-05
0.0,0.0,6.744143843449968e-05
0.0,0.0,0.00037062800491250315
0.0,0.0,2.7595617614466916e-05
0.0,0.0,5.150072044495161e-05
0.0,0.0,0.0004760699436264871
0.0,0.0,0.00022853894161392678
0.0,0.0,0.0001729990979261305
1.0,1.0,0.9991684777914331
0.0,0.0,5.827467922969209e-05
0.0,0.0,2.9146660834141032e-05
0.0,0.0,0.0003871988986040515
1.0,1.0,0.9994377967315757
0.0,0.0,0.00012253926220837474
0.0,0.0,0.0011541574962737936
0.0,0.0,0.0004945611994319285
1.0,1.0,0.9993607454994475
0.0,0.0,7.649777153742307e-05
0.0,0.0,1.3226164779135954e-05
1.0,1.0,0.9990316690004489
1.0,1.0,0.9841144595450267
0.0,0.0,0.00010070241794815158
0.0,0.0,5.728636214018148e-05
0.0,0.0,6.0405718539073756e-05
0.0,0.0,4.69815067773956e-05
0.0,0.0,0.0001405737139762952
0.0,0.0,3.50197510932322e-05
0.0,0.0,3.401687489506689e-05
0.0,0.0,0.0007062477734161612
0.0,0.0,3.84843655528078e-05
0.0,0.0,0.00041186093758356895
0.0,0.0,0.0004011629696864729
0.0,0.0,0.00010703065761875841
0.0,0.0,4.8204338870409673e-05
0.0,0.0,0.002291873910434361
0.0,0.0,3.61713732014342e-05
0.0,0.0,0.006839027031120973
1.0,1.0,0.9920808537296548
0.0,0.0,4.975219785282e-05
0.0,0.0,0.00039713914913420354
0.0,0.0,0.007915443344073804
0.0,0.0,0.00027144456085998077
0.0,0.0,5.361796869304936e-05
0.0,0.0,3.921548644412125e-05
0.0,0.0,0.00023898655894119281
0.0,0.0,0.0005019450661752919
0.0,0.0,0.00041317082102250424
0.0,0.0,0.00014982784640132742
0.0,0.0,0.002583466282712499
0.0,0.0,0.0002719043434671007
0.0,0.0,2.3322570829447568e-05
0.0,0.0,0.0004010047453801182
0.0,0.0,9.223335140293667e-05
0.0,0.0,0.00018553076239528158
1.0,1.0,0.8105800068487374
0.0,0.0,1.2854415830312852e-05
0.0,0.0,6.845935858744429e-05
0.0,0.0,7.711613984120718e-05
0.0,0.0,0.00018977408386067066
0.0,0.0,3.9978361815784374e-05
1.0,1.0,0.9993819931727966
0.0,0.0,6.129656514862808e-05
0.0,0.0,4.3016582577526784e-05
0.0,0.0,5.6444087968815795e-05
0.0,0.0,0.00026281521526513835
0.0,0.0,0.00040010127534976874
0.0,0.0,0.008525452413674207
0.0,0.0,0.00042106848328329476
1.0,1.0,0.999373501699127
0.0,0.0,3.4135143036017707e-05
0.0,0.0,1.3746836463181296e-05
0.0,0.0,0.0006148031138937368
0.0,0.0,0.0001371658565659509
0.0,0.0,0.0006539148022270007
0.0,0.0,2.8232186031385778e-05
0.0,0.0,7.787539109356065e-05
0.0,0.0,0.00046060469094086673
0.0,0.0,0.00018805397838016704
0.0,0.0,0.007151134061839325
0.0,0.0,0.0011964877176806178
0.0,0.0,0.00033373823192882845
0.0,0.0,8.932458486340182e-05
0.0,0.0,0.00022922607895371338
0.0,0.0,0.00021072206765359368
0.0,0.0,8.411212390732851e-05
0.0,0.0,0.00023604594819325432
0.0,0.0,0.0015916018736595655
1.0,1.0,0.9993150673498928
0.0,0.0,2.981642192228909e-05
0.0,0.0,0.0005698978548798959
0.0,0.0,4.97380800199578e-05
0.0,0.0,7.036892858138895e-05
0.0,0.0,0.00043661990683728654
0.0,0.0,0.00016488264812873003
0.0,0.0,0.0005503816835832805
0.0,0.0,4.9458159449966766e-05
0.0,0.0,0.00014854507449463622
0.0,0.0,0.0001262015349415768
0.0,0.0,0.001964874145730048
0.0,0.0,0.000116281936046859
0.0,0.0,0.0001590953549898539
0.0,0.0,0.00027410348010948764
0.0,0.0,1.5693661454121707e-05
0.0,0.0,0.0006376132834864536
1.0,1.0,0.9994901164423659
0.0,0.0,0.00011066277027133468
0.0,0.0,0.00013329287738076545
0.0,0.0,0.00024238342650262539
0.0,0.0,3.3235863785401356e-05
0.0,0.0,5.651248849198485e-05
0.0,0.0,0.0001838058060505347
0.0,0.0,0.0002385882558750451
0.0,0.0,0.0007694206933406084
0.0,0.0,3.0443437622098932e-05
0.0,0.0,0.00035834082611173085
0.0,0.0,3.621921035455564e-05
0.0,0.0,0.000269049773764886
0.0,0.0,3.688321800009568e-05
1.0,1.0,0.9993827553823659
0.0,0.0,6.39069154456356e-05
0.0,0.0,0.00016153239861916481
0.0,0.0,6.046632953672255e-05
1.0,0.0,0.3681369127700136
0.0,0.0,5.499006454401416e-05
0.0,0.0,0.00022099952458617915
0.0,0.0,0.000309715978684229
0.0,0.0,2.8232186031385778e-05
0.0,0.0,6.768105424068321e-05
0.0,0.0,4.266648293524953e-05
0.0,0.0,0.00014742050723375415
0.0,0.0,1.7138948616249406e-05
1.0,1.0,0.9991421576924361
0.0,0.0,5.8998940320153055e-05
1.0,1.0,0.9993966389333114
0.0,0.0,7.228636643954942e-05
0.0,0.0,0.0001659134738352949
0.0,0.0,0.00023387718651462933
0.0,0.0,7.951131167319595e-05
0.0,0.0,3.366062377364708e-05
0.0,0.0,1.4461888732684221e-05
0.0,0.0,0.0001590953549898539
0.0,0.0,0.0006344466714849593
0.0,0.0,0.0006465828357750598
0.0,0.0,0.00010703065761875841
0.0,0.0,0.00020927595982750597
0.0,0.0,4.721492100480614e-05
0.0,0.0,0.00026380825319691513
0.0,0.0,4.7356498116208916e-05
0.0,0.0,0.00021264326322468583
0.0,0.0,0.0005025182247581529
0.0,0.0,0.00014793022869740558
0.0,0.0,0.0007561486905900374
0.0,0.0,1.5858954281686386e-05
0.0,0.0,0.0002131251019767867
0.0,0.0,5.244445910321897e-05
0.0,0.0,0.0002190084279930498
0.0,0.0,4.383318145558178e-05
0.0,0.0,0.0009712971657048799
0.0,0.0,0.0002006619877669665
0.0,0.0,0.00045508045365776653
0.0,0.0,9.393095604666122e-05
0.0,0.0,0.00011064937861393792
0.0,0.0,7.258376694454405e-05
0.0,0.0,0.00011632831522221437
0.0,0.0,0.00012315564324750315
0.0,0.0,6.254182077611615e-05
0.0,0.0,0.00023922117007730585
0.0,0.0,7.696218223673545e-05
0.0,0.0,0.00017492381833057548
0.0,0.0,5.398678583705075e-05
1.0,1.0,0.9963099218995296
0.0,0.0,1.6622638586343853e-05
0.0,0.0,0.00043904187798992066
0.0,0.0,2.339911783665554e-05
0.0,0.0,1.3208972894604203e-05
1.0,1.0,0.9994901164423659
0.0,0.0,4.8305523318440197e-05
0.0,0.0,0.0001040318431210177
0.0,0.0,0.0062263286037344745
0.0,0.0,3.111144174641055e-05
1.0,1.0,0.9899392291317612
0.0,0.0,5.2801836771640535e-05
0.0,0.0,0.000102050062223118
0.0,0.0,0.0005068085439409207
0.0,0.0,0.00010551752087799296
0.0,0.0,3.0331233390537072e-05
0.0,0.0,8.420636686881751e-05
0.0,0.0,6.281340523100947e-05
0.0,0.0,0.00011571401191423423
0.0,0.0,0.00013303455815066
0.0,0.0,3.3188466753321955e-05
0.0,0.0,0.00021309982046736152
0.0,0.0,3.6780070859004764e-05
0.0,0.0,0.0002190084279930498
0.0,0.0,1.2908972546465088e-05
0.0,0.0,1.7062116180648642e-05
0.0,0.0,8.835926897884138e-05
0.0,0.0,0.0025098030016907956
0.0,0.0,9.10312264883796e-05
0.0,0.0,0.0013203130717794023
0.0,0.0,0.000162406274716549
0.0,0.0,0.000201919908952286
0.0,0.0,0.00021929708673836407
0.0,0.0,0.007972297142402766
0.0,0.0,7.084638629277329e-05
0.0,0.0,0.0001802802015981266
0.0,0.0,0.00010327485792833879
0.0,0.0,0.0008131405938823069
0.0,0.0,9.661384889625157e-05
0.0,0.0,0.0003970745004642464
0.0,0.0,0.00013573572847530344
0.0,0.0,0.00010105442385116758
1.0,1.0,0.9995279909228705
0.0,0.0,0.00017154239001863512
0.0,0.0,0.00018484646523608605
1.0,1.0,0.9990184929503698
0.0,0.0,5.492389721712641e-05
0.0,0.0,0.0001260697976040267
0.0,0.0,5.000126163905505e-05
0.0,0.0,0.00012270594176302339
0.0,0.0,4.622118536292376e-05
0.0,0.0,0.0010643672261083667
0.0,0.0,0.000840119703355446
0.0,0.0,0.00022249562922862316
0.0,0.0,5.2706293101183854e-05
0.0,0.0,0.0005353345103338615
0.0,0.0,2.971208672561094e-05
0.0,0.0,3.437564225796829e-05
1.0,1.0,0.8603930918097966
0.0,0.0,1.7263659921062536e-05
0.0,0.0,0.00015001400379249208
0.0,0.0,0.00031662085936550816
0.0,0.0,0.00014040966260959442
0.0,0.0,3.707656577362672e-05
0.0,0.0,0.00023464258323292953
0.0,0.0,8.481967889153997e-05
0.0,0.0,2.9542315929811598e-05
0.0,0.0,0.00020469708015720774
1.0,1.0,0.9992374935282179
0.0,0.0,0.0002864958582615344
0.0,0.0,6.739654613565192e-05
0.0,0.0,0.00024753063322880374
0.0,0.0,1.806435811698754e-05
0.0,0.0,4.527203330301526e-05
0.0,0.0,0.0006977967242105351
0.0,0.0,7.710987573997387e-05
0.0,0.0,9.489014032032362e-05
1.0,1.0,0.999139731702345
0.0,0.0,6.0819731354498726e-05
1.0,1.0,0.9987689207971259
0.0,0.0,0.00031969598051925546
0.0,0.0,0.0001299253436636703
0.0,0.0,0.0003126689176652976
0.0,0.0,0.0063759371000001045
0.0,0.0,0.0002993306637102581
0.0,0.0,6.876115219151372e-05
0.0,0.0,0.00010374724941226476
0.0,0.0,0.0002678106262453949
0.0,0.0,4.3598215667413885e-05
0.0,0.0,3.6928254575014724e-05
0.0,0.0,0.00011162274341130815
0.0,0.0,0.00017902785926984552
0.0,0.0,3.974029095657956e-05
0.0,0.0,5.1731164610843135e-05
0.0,0.0,0.0062263286037344745
0.0,0.0,0.0003510821216413779
0.0,0.0,0.0009275316309935605
1.0,1.0,0.9994767700991619
0.0,0.0,1.8562313718353375e-05
0.0,0.0,0.00012822857461795733
0.0,0.0,0.00012009538447377905
0.0,0.0,0.00010469070737338756
0.0,0.0,0.00044619595926487807
0.0,0.0,0.0003684223263877444
0.0,0.0,6.348278494087713e-05
0.0,0.0,0.0003746926775302943
0.0,0.0,0.00024441298951004265
0.0,0.0,6.299929271502823e-05
0.0,0.0,2.873823608089505e-05
0.0,0.0,5.490953434191425e-05
0.0,0.0,0.004798746185521508
0.0,0.0,0.00012357351464388746
0.0,0.0,0.00023844007504088927
0.0,0.0,0.0008055809691815759
0.0,0.0,0.00027528890025486517
0.0,0.0,0.00020696988879389448
0.0,0.0,0.00014800345247103044
1.0,1.0,0.9920808537296548
0.0,0.0,0.0002322035175120945
0.0,0.0,4.996450258831211e-05
0.0,0.0,0.000300529948492618
0.0,0.0,1.8529121171362547e-05
0.0,0.0,4.060155543416319e-05
0.0,0.0,5.73019764110052e-05
